Confederation,Stadium,City,Capacity
UEFA,Stadiumi Besëlidhja,Lezhë,7000
UEFA,Stadiumi Flamurtari,Vlorë,8200
UEFA,Stadiumi Laçi,Laçi,5000
UEFA,Stadiumi Niko Dovana,Durrës,12040
UEFA,Stadiumi Selman Stërmasi,Tirana,9500
UEFA,Stadiumi Skënderbeu,Korçë,7500
CAF,Stade 1er Novembre 1954,Tizi Ouzu,20000
CAF,Stade Ahmed Zabana,Oran,40000
CAF,Stade Amar Hareche,El Eulma,5000
CAF,Stade de l'Unité Maghrébine,Béjaïa,22000
CAF,Stade Mohamed Boumezrag,Chlef,17000
CAF,Stade Mohamed-Benhaddad,Algiers,10000
CAF,Stade Omar Hamadi,Algiers,12000
CAF,Stade Tahar Zoughari,Relizane,20000
CAF,Estádio 11 de Novembro,Kilamba Kiaxi,50000
CAF,Estádio da Tundavala,Lubango,20000
CAF,Estádio de Ombaka,Benguela,35000
CAF,Estádio do Chiazi,Cabinda,20000
CONMEBOL,El Cementario de los Elefantes,Santa Fe,32000
CONMEBOL,El Gigante de Arroyito,Rosario,41654
CONMEBOL,El Monumental,Buenos Aires,61321
CONMEBOL,El Nuevo Gasómetro,Buenos Aires,43494
CONMEBOL,Estadio Arquitecto Antonio Etcheverri,Buenos Aires,22797
CONMEBOL,Estadio Ciudad de La Plata,La Plata,53000
CONMEBOL,Estadio del Viaducto,Sarandí,16300
CONMEBOL,Estadio Diego Armando Maradona,Buenos Aires,24800
CONMEBOL,Estadio José Amalfitani,Buenos Aires,49540
CONMEBOL,Estadio Libertadores de America,Avellaneda,48069
CONMEBOL,Estadio Malvinas Argentinas,Mendoza,40268
CONMEBOL,Estadio Marcelo Bielsa,Rosario,42000
CONMEBOL,Estadio Mario Alberto Kempes,Cordoba,57000
CONMEBOL,Estadio Néstor Díaz Pérez,Lanús,46519
CONMEBOL,Estadio Presidente Perón,Avellaneda,42500
CONMEBOL,Estadio Tomás Adolfo Ducó,Buenos Aires,48314
CONMEBOL,Estadio Único,Villa Mercedes,28000
CONMEBOL,La Bombonera,Buenos Aires,49000
UEFA,Alashkert Stadion,Yerevan,6850
UEFA,Banants Stadion,Yerevan,4860
UEFA,Hrazdan Stadion,Yerevan,54208
UEFA,Republican Stadion,Yerevan,14403
AFC,AAMI Park,Melbourne,30050
AFC,Allianz Stadium,Paddington,45500
AFC,ANZ Stadium,Sydney,83500
AFC,Bluetongue Stadium,Gosford,20059
AFC,Cbus Super Stadium,Robina,27400
AFC,Coopers Stadium,Hindmarsh,17000
AFC,GIO Canberra Stadium,Canberra,25011
AFC,Hunter Stadium,Newcastle,33000
AFC,Marvel Stadium,Melbourne,56347
AFC,Melbourne Cricket Ground,Melbourne,100024
AFC,nib Stadium,Perth,20156
AFC,Optus Stadium,Perth,60000
AFC,Pirtek Stadium,Sydney,20741
AFC,SOP Athletic Centre,Sydney,5000
AFC,Subiaco Oval,Perth,42922
AFC,Suncorp Stadium,Brisbane,53223
UEFA,Allianz Stadion,Vienna,28345
UEFA,BSFZ-Arena,Vienna,12000
UEFA,Cashpoint-Arena,Altach,8500
UEFA,Casino-Stadion,Bregenz,11112
UEFA,Ernst-Happel-Stadion,Vienna,50865
UEFA,Fill Metallbau Stadion,Ried,7600
UEFA,Franz-Fekete-Stadion,Kapfenberg,12000
UEFA,Fußballakademie Burgenland,Mattersburg,2500
UEFA,Generali-Arena,Vienna,13500
UEFA,Gernot Langes Stadion,Wattens,5200
UEFA,Hohe Warte,Vienna,6000
UEFA,Lavanttal-Arena,Wolfsberg,7300
UEFA,Linzer Stadion,Linz,21005
UEFA,Merkur Arena,Graz,15400
UEFA,MyPhone Austria Stadion,Salzburg,1566
UEFA,NV Arena,Sankt Pölten,8000
UEFA,Pappelstadion,Mattersburg,18000
UEFA,Red Bull Arena,Salzburg,31895
UEFA,Sonnenseestadion,Ritzing,5000
UEFA,Sportplatz Lend,Hall in Tirol,2000
UEFA,Stadion Donawitz,Leoben,6000
UEFA,Stadion Schuberth,Melk,2500
UEFA,Stadion Tivoli NEU,Innsbruck,16008
UEFA,TGW-Arena,Pasching,7870
UEFA,Wörthersee Stadion,Klagenfurt am Wörthersee,31957
UEFA,Bakcell Arena,Baku,11000
UEFA,Bakı Olimpiya Stadionu,Baku,69870
UEFA,Habil Xəlilov Stadionu,Imishli,8500
UEFA,Şəfa  Stadionu,Baku,7535
UEFA,Tofiq Bəkhramov Stadionu,Baku,31100
AFC,Bangabandhu National Stadium,Dhaka,36000
UEFA,Borisov Arena,Borisov,13121
UEFA,Neman Stadion,Grodno,8800
UEFA,Stadion Brestskiy,Brest,10169
UEFA,Stadion Dinama,Minsk,34000
UEFA,Stadion Dinamo-Yuni,Minsk,4500
UEFA,Stadion Horodskiy,Borisov,5402
UEFA,Stadion Torpedo,Zhodino,6542
UEFA,Stadion Torpedo,Minsk,5200
UEFA,Stadion Traktor,Minsk,17586
UEFA,AFAS Stadion,Mechelen,16672
UEFA,Albertparkstadion,Ostenda,8000
UEFA,Bosuil Stadion,Antwerp,15975
UEFA,Constant Vanden Stock Stadion,Brussels,28063
UEFA,Daknamstadion,Lokeren,12000
UEFA,De Leunen,Geel,10524
UEFA,De Pluimen,Dikmsuide,2500
UEFA,Edmond Machtens-Stadion,Sint-Jans-Molenbeek,15266
UEFA,Freethiel,Beveren,13290
UEFA,Gemeentelijk Parkstadion,Boom,9450
UEFA,Ghelamco Arena,Gent,19999
UEFA,Henri Houtsaeger Stadion,Koksijde,2500
UEFA,Herman Vanderpoortenstadion,Lier,15500
UEFA,Jan Breydel Stadion,Brugge,29022
UEFA,Kehrwegstadion,Eupen,8400
UEFA,King Power at Den Dreef Stadion,Leuven,10020
UEFA,Koning Boudewijn Stadion,Brussels,50122
UEFA,Ludo Coeck Stadion,Antwerp,13607
UEFA,Luminus Arena,Genk,23718
UEFA,Olympisch Stadion,Antwerp,12771
UEFA,Pierre Cornelisstadion,Aalst,6294
UEFA,Regenboogstadion,Waregem,11020
UEFA,Schierveldestadion,Roeselare,9036
UEFA,Staaien,Sint-Truiden,12125
UEFA,Stade Charles Tondreau,Mons,12662
UEFA,Stade de la Neuville,Charleroi,12164
UEFA,Stade de Sclessin,Liège,30023
UEFA,Stade du Pays de Charleroi,Charleroi,14000
UEFA,Stade du Tivoli,La Louvière,12500
UEFA,Stade Le Cannonier,Mouscron,10830
UEFA,Stade Robert Urbain,Boussu,6000
UEFA,t’Kuipje,Westerlo,10278
CONMEBOL,Estadio Hernando Siles,La Paz,42000
CONMEBOL,Estadio Juan Carlos Durán Saucedo,Santa Cruz,10000
CONMEBOL,Estadio Ramón Aguilera,Santa Cruz de la Sierra,38000
UEFA,Olimpiskij Stadion Koševo,Sarajevo,35630
UEFA,Stadion Banja Ilidža,Gradačac,5000
UEFA,Stadion Bilino Polje,Zenica,18000
UEFA,Stadion Gradski,Banja Luka,9730
UEFA,Stadion Gradski,Ugljevik,8000
UEFA,Stadion Gradski,Orašje,3000
UEFA,Stadion Grbavica,Sarajevo,16100
UEFA,Stadion Jedinstvo,Bihać,7500
UEFA,Stadion Mokri Dolac,Posušje,8000
UEFA,Stadion pod Bijelim Brijegom,Mostar,25000
UEFA,Stadion Rođeni,Mostar,5294
CAF,Botswana National Stadium,Gaborone,22000
CONMEBOL,Allianz Parque,São Paulo,43713
CONMEBOL,Arena Barueri,Barueri,35000
CONMEBOL,Arena Condá,Chapecó,19325
CONMEBOL,Arena Corinthians,São Paulo,48234
CONMEBOL,Arena da Amazonia,Manaus,44351
CONMEBOL,Arena da Baixada,Cúritiba,43981
CONMEBOL,Arena das Dunas,Natal,31375
CONMEBOL,Arena do Grêmio,Pôrto Alegre,60540
CONMEBOL,Arena Pantanal,Cuiabá,41390
CONMEBOL,Estádio Anacleto Campanella,São Caetano do Sul,14400
CONMEBOL,Estádio Beira-Rio,Pôrto Alegre,51800
CONMEBOL,Estádio Boca do Lobo,Pelotas,23336
CONMEBOL,Estádio Brinco de Ouro,Campinas,29130
CONMEBOL,Estádio Caio Martins,Niterói,15000
CONMEBOL,Estádio Castelão,Fortaleza,63903
CONMEBOL,Estádio Couto Pereira,Cúritiba,40310
CONMEBOL,Estádio de Pituaçu,Salvador da Bahia,32157
CONMEBOL,Estádio do Arruda,Recife,53289
CONMEBOL,Estádio do Canindé,São Paulo,21004
CONMEBOL,Estádio do Morumbi,São Paulo,67428
CONMEBOL,Estádio do Pacaembu,São Paulo,37952
CONMEBOL,Estádio dos Aflitos,Recife,28000
CONMEBOL,Estádio Ilha do Retiro,Recife,45500
CONMEBOL,Estádio Joaquim Henrique Nogueira,Sete Lagoas,18870
CONMEBOL,Estádio Kléber Andrade,Cariacica,21150
CONMEBOL,Estádio Mangueirão,Belém,45007
CONMEBOL,Estádio Manoel Barradas,Salvador da Bahia,34842
CONMEBOL,Estádio Mineirão,Belo Horizonte,62160
CONMEBOL,Estádio Moisés Lucarelli,Campinas,27946
CONMEBOL,Estádio Nacional,Brasilia,72888
CONMEBOL,Estádio Nilton Santos,Rio de Janeiro,44661
CONMEBOL,Estádio Olímpico Monumental,Pôrto Alegre,51081
CONMEBOL,Estádio Presidente Vargas,Fortaleza,20268
CONMEBOL,Estádio Raulino de Oliveira,Volta Redonda,21000
CONMEBOL,Estádio São Januário,Rio de Janeiro,25000
CONMEBOL,Estádio Serra Dourada,Goiânia,50049
CONMEBOL,Estádio Vila Belmiro,Santos,15800
CONMEBOL,Estádio Zerão,Macapá,13680
CONMEBOL,Independência,Belo Horizonte,23950
CONMEBOL,Itaipava Arena Fonte Nova,Salvador da Bahia,50000
CONMEBOL,Itaipava Arena Pernambuco,São Lourenço da Mata,46154
CONMEBOL,Maracanã,Rio de Janeiro,78838
AFC,Stadium Balapan,Bandar Seri Begawan,3000
AFC,Stadium Negara Hassanal Bolkiah,Bandar Seri Begawan,30000
UEFA,Ludogorets Arena,Razgrad,9000
UEFA,Stadion „Akademik”,Sofia,10000
UEFA,Stadion 9. Septembri,Burgas,22000
UEFA,Stadion Bâlgarska Armiya,Sofia,22015
UEFA,Stadion Bonchuk,Dupnitsa,16050
UEFA,Stadion Georgi Asparuhov,Sofia,29200
UEFA,Stadion Hristo Botev,Plovdiv,21000
UEFA,Stadion Hristo Botev,Blagoevgrad,7500
UEFA,Stadion Lazur,Burgas,18339
UEFA,Stadion Lokomotiv,Plovdiv,12000
UEFA,Stadion Lokomotiv,Sofia,16000
UEFA,Stadion Łowecz,Lovech,7050
UEFA,Stadion Płowdiw,Plovdiv,48000
UEFA,Stadion Slavija,Sofia,18000
UEFA,Stadion Spartak,Varna,12000
UEFA,Stadion Vassil Levski,Sofia,43632
CAF,Stade du 4-Août,Ouagadougou,38000
AFC,Bogyoke Aung San Stadium,Yangon,40000
AFC,Mandalar Thiri Sports Stadium,Mandalay,30589
AFC,Thuwunna YTC Stadium,Yangon,50000
CAF,Stade Prince Louis Rwagasore,Bujumbura,22000
AFC,Changlimithang Stadium,Thimphu,15000
AFC,Phnom Penh National Stadium,Phnom Penh,50000
CAF,Stade Omnisports de Bafoussam,Bafoussam,20142
CONCACAF,BC Place,Vancouver,52465
CONCACAF,BMO Field,Toronto,30991
CONCACAF,Commonwealth Stadium,Edmonton,56302
CONCACAF,Investors Group Field,Winnipeg,33422
CONCACAF,Lamport Stadium,Toronto,9600
CONCACAF,McMahon Stadium,Calgary,35650
CONCACAF,Mosaic Stadium,Regina,33000
CONCACAF,Olympic Stadium,Montreal,66308
CONCACAF,Percival Molson Stadium,Montreal,25012
CONCACAF,Rogers Centre,Toronto,54000
CONCACAF,Stade Saputo,Montreal,20801
CONCACAF,Taylor Field,Regina,30945
CONCACAF,TD Place Stadium,Ottawa,24000
CONCACAF,Tim Hortons Field,Hamilton,24000
CONMEBOL,Estadio Bicentenario La Florida,La Florida,12000
CONMEBOL,Estadio CAP,Talcahuano,10500
CONMEBOL,Estadio Carlos Dittborn,Arica,9746
CONMEBOL,Estadio El Teniente,Rancagua,14087
CONMEBOL,Estadio Elías Figueroa,Valparaiso,21113
CONMEBOL,Estadio Francisco Sánchez Rumoroso,Coquimbo,18750
CONMEBOL,Estadio Germán Becker,Temuco,18125
CONMEBOL,Estadio La Cisterna,Santiago,12000
CONMEBOL,Estadio La Granja,Curicó,8000
CONMEBOL,Estadio La Portada,La Serena,18243
CONMEBOL,Estadio Lucio Fariña Fernández,Quillota,7680
CONMEBOL,Estadio Luis Valenzuela Hermosilla,Copiapó,8000
CONMEBOL,Estadio Monumental David Arellano,Santiago,47347
CONMEBOL,Estadio Municipal de Concepción,Concepción,30448
CONMEBOL,Estadio Nacional,Santiago,48745
CONMEBOL,Estadio Nelson Oyarzún,Chillán,12000
CONMEBOL,Estadio Nicanor Apablaza,Pelluhue,952
CONMEBOL,Estadio Regional Calvo y Bascuñán,Antofagasta,21178
CONMEBOL,Estadio Regional de Chinquihue,Puerto Montt,10000
CONMEBOL,Estadio San Carlos de Apoquindo,Santiago,12000
CONMEBOL,Estadio Santa Laura,Santiago,25000
CONMEBOL,Estadio Sausalito,Viña del Mar,23423
CONMEBOL,Estadio Zorros del Desierto,Calama,12346
AFC,Bao’an Stadium,Shenzhen,40050
AFC,Beijing National Stadium,Beijing,80000
AFC,Century Lotus Stadium,Foshan,36000
AFC,Dalian Sports Center Stadium,Dalian,61000
AFC,Daqing Olympic Park Stadium,Daqing,32031
AFC,Guangdong Stadium,Guangzhou,80012
AFC,Guangxi Stadium,Nanning,60000
AFC,Haixia Olympic Center Stadium,Fuzhou,59562
AFC,Hefei Olympic Stadium,Hefei,60000
AFC,Helan Shan Stadium,Yinchuan,39872
AFC,Hohhot Stadium,Hohhot,53000
AFC,Hongkou Stadium,Shanghai,33060
AFC,Huangpu Sports Center Stadium,Guangzhou,12000
AFC,Huizhou Sports Center Stadium,Huizhou,40000
AFC,Jiangyin Sports Centre Stadium,Jiangyin,31888
AFC,Jinan Olympic Stadium,Jinan,60000
AFC,Lhasa Stadium,Lhasa,20000
AFC,Longgang Stadium,Shenzhen,60334
AFC,Macau Stadium,Macau,15722
AFC,Nanchang Sports Center Stadium,Nanchang,58000
AFC,Nanjing Olympic Stadium,Nanjing,61443
AFC,Nantong Stadium,Nantong,22000
AFC,Ordos Dongsheng Stadium,Ordos,35107
AFC,Ordos Sports Center Stadium,Ordos,60000
AFC,People’s Stadium,Dalian,55843
AFC,Qinhuangdao Olympic Stadium,Qinhuangdao,33572
AFC,Red Beach Stadium,Panjin,35600
AFC,Shandong Sports Center,Jinan,43700
AFC,Shanghai Stadium,Shanghai,56842
AFC,Shanxi Sports Center Stadium,Taiyuan,62000
AFC,Shaoxing Stadium,Shaoxing,40000
AFC,Shenyang Olympic Stadium,Shenyang,60000
AFC,Shenzhen Bay Sports Center,Shenzhen,20000
AFC,Suining SC Stadium,Suining,30000
AFC,Teda Football Stadium,Tianjin,36390
AFC,Tianhe Stadium,Guangzhou,58500
AFC,Tianjin Olympic Stadium,Tianjin,60000
AFC,Tongling SC Stadium,Tongling,30000
AFC,Workers’ Stadium,Beijing,66161
AFC,Wuhan Sports Center Stadium,Wuhan,52672
AFC,Wuzhou City Hongling Stadium,Wuzhou,18300
AFC,Yancheng SC Stadium,Yancheng,37003
AFC,Yuanshen Stadium,Shanghai,20000
AFC,Yuexiushan Stadium,Guangzhou,20000
AFC,Zhanjiang Olympic Center Stadium,Zhanjiang,39769
AFC,Zhenjiang SCC Stadium,Zhenjiang,30000
AFC,Zibo Sports Center Stadium,Zibo,45000
CONMEBOL,Estadio Atanasio Girardot,Medellín,40043
CONMEBOL,Estadio General Santander,Cúcuta,42901
CONMEBOL,Estadio Hernán Ramírez Villegas,Pereira,38500
CONMEBOL,Estadio Jaime Morón León,Cartagena,14000
CONMEBOL,Estadio Metropolitano,Baranquilla,49612
CONMEBOL,Estadio Nemesio Camacho,Bogotá,36343
CONMEBOL,Estadio Palogrande,Manizales,32000
CONMEBOL,Estadio Pascual Guerrero,Cali,33130
CAF,Stade de Kintélé,Brazzaville,60055
CONCACAF,Estadio Alejandro Morera Soto,Alajuela,17895
CONCACAF,Estadio Miguel „Lito” Pérez,Puntarenas,4105
CONCACAF,Estadio Nacional,San José,35062
CONCACAF,Estadio Ricardo Saprissa,San José,23112
UEFA,Stadion Aldo Drosina,Pula,8923
UEFA,Stadion Branko Čavlović-Čavlek,Karlovac,12000
UEFA,Stadion Cibalia,Vinkovci,10000
UEFA,Stadion Gospin Dolac,Imotski,2766
UEFA,Stadion Gradski,Koprivnica,3134
UEFA,Stadion Gradski vrt,Osijek,18856
UEFA,Stadion Hrvatski vitezovi,Rijeka,5200
UEFA,Stadion Intera,Zaprešić,4528
UEFA,Stadion Kamen Ingrad,Velika,7095
UEFA,Stadion Kranjčevićeva,Zagreb,8850
UEFA,Stadion Lučko,Zagreb,1800
UEFA,Stadion Maksimir,Zagreb,38168
UEFA,Stadion na Kantridi,Rijeka,10275
UEFA,Stadion NK Varteks,Varaždin,9099
UEFA,Stadion Poljud,Split,34448
UEFA,Stadion Radnik,Velika Gorica,8000
UEFA,Stadion Rujevica,Rijeka,8279
UEFA,Stadion SRC Mladost,Čakovec,8000
UEFA,Stadion ŠRC Uljanik-Veruda,Pula,4000
UEFA,Stadion Stanovi,Zadar,5860
UEFA,Stadion Stjepan Spajić,Zagreb,4500
UEFA,Stadion Šubićevac,Šibenik,8500
UEFA,Stadion u Pricviću,Žrnovnica,3000
UEFA,Ammóchostos,Larnaca,4000
UEFA,Antonis Papadopoulos,Larnaca,9319
UEFA,Makario,Nicosia,16440
UEFA,Neo GSP,Nicosia,22859
UEFA,Pafiako Athlítiko Kentro,Paphos,9394
UEFA,Paralimni,Paralimni,5800
UEFA,Tsirion Athlitiko Kentro,Limassol,13261
UEFA,Zenon Athlitiko Kentro,Larnaca,13032
UEFA,Andrův Stadion,Olomouc,12566
UEFA,Chance Arena,Jablonec nad Nisou,6280
UEFA,Ďolíček,Prague,5000
UEFA,Doosan Arena,Pilzno,11700
UEFA,Eden Aréna,Prague,21000
UEFA,Generali Arena,Prague,18944
UEFA,Juliska,Prague,4560
UEFA,Letná Stadion,Zlín,6375
UEFA,Letní stadion,Pardubice,15000
UEFA,Městský fotbalový stadion Srbská,Brno,10785
UEFA,Městský stadion,Karvina,4833
UEFA,Mestsky Stadion Liberec,Liberec,7000
UEFA,Městský stadion Mladá Boleslav,Mladá Boleslav,5000
UEFA,Městský stadión Znojmo,Znojmo,5000
UEFA,Na Litavce,Příbram,9100
UEFA,Na Stínadlech,Teplice,18221
UEFA,Pod Vinicí,Pardubice,3000
UEFA,Stadion 1. HFK Olomouc,Olomouc,2900
UEFA,Stadion Banik Sokolov,Sokolov,5000
UEFA,Stadion Dukla,Havirov,7500
UEFA,Stadion Evžena Rošického,Prague,19032
UEFA,Stadion FK Drnovice,Drnovice,6400
UEFA,Stadion Františka Kloze,Kladno,4000
UEFA,Stadion Josefa Masopusta,Most,7500
UEFA,Stadion Markéta,Prague,17500
UEFA,Stadion Miroslava Valenty,Uherské Hradiště,8121
UEFA,Stadion na Střeleckém Ostrově,Czeskie Budziejowice,6746
UEFA,Stadion na Zadních Vinohradech,Chomutov,4800
UEFA,Stadion u Nisy,Liberec,9900
UEFA,Stadion v Jiráskově ulici,Jihlava,4075
UEFA,Viktoria Stadion,Prague,5600
UEFA,Vítkovice Aréna,Ostrava,15000
UEFA,Všesportovní Stadion,Hradec Králové,7100
UEFA,Aalborg Portland Park,Aalborg,13800
UEFA,BioNutria Park Randers,Randers,10300
UEFA,Blue Water Arena,Esbjerg,18000
UEFA,Brøndby Stadion,Brøndby,31400
UEFA,CASA Arena Horsens,Horsens,10400
UEFA,Ceres Park,Århus,20220
UEFA,DS Arena,Hobro,10700
UEFA,EWII Park,Odense,15761
UEFA,Gladsaxe Idrætspark,Søborg,12000
UEFA,Helsingør Stadion,Helsingør,5500
UEFA,JYSK park,Silkeborg,10000
UEFA,Lyngby Stadion,Lyngby,9000
UEFA,MCH Arena,Herning,11535
UEFA,Næstved Stadion,Næstved,10000
UEFA,Right to Dream Park,Farum,10100
UEFA,Slagelse Stadion,Slagelse,10000
UEFA,Sundby IP,Kopenhagen,7200
UEFA,Sydbank Park,Haderslev,10000
UEFA,Telia Parken,Kopenhagen,38009
UEFA,Valby Idrætspark,Kopenhagen,12000
CONMEBOL,Estadio Capwell,Guayaquil,40059
CONMEBOL,Estadio Monumental Banco Pichincha,Guayaquil,59283
CONMEBOL,Estadio Olímpico Atahualpa,Quito,39816
CONMEBOL,La Casa Blanca,Quito,41596
CAF,Borg El-Arab Stadium,Borg El-Arab,86000
CAF,Cairo International Stadium,Cairo,74100
CAF,Harras El-Hedoud Stadium,Alexandria,22000
CAF,Military Academy Stadium,Cairo,28500
CAF,Mukhtar Al-Tetsh Stadium,Cairo,25000
CAF,Port Said Stadium,Port Said,17988
UEFA,ABAX Stadium,Peterborough,14319
UEFA,Abbey Business Stadium,Chaltenham,7066
UEFA,Abbey Stadium,Cambridge,9617
UEFA,Academy Stadium,Manchester,7000
UEFA,Adams Park,Wycombe,10284
UEFA,Aggborough,Kidderminster,6238
UEFA,Alexander Stadium,Birmingham,12700
UEFA,Alexandra Stadium,Crewe,10153
UEFA,Amex Stadium,Brighton & Hove,30666
UEFA,Anfield,Liverpool,53394
UEFA,Ashton Gate,Bristol,27699
UEFA,Banks’s Stadium,Walsall,11300
UEFA,bet365 Stadium,Stoke-on-Trent,30089
UEFA,Bloomfield Road,Blackpool,16220
UEFA,Blundell Park,Grimsby,9052
UEFA,Boleyn Ground,London,35345
UEFA,Boundary Park,Oldham,10638
UEFA,Bramall Lane,Sheffield,32702
UEFA,Bristol Memorial Stadium,Bristol,11917
UEFA,Broadhurst Park,Manchester,4400
UEFA,Brunton Park,Carlisle,16980
UEFA,Carrow Road,Norwich,27033
UEFA,Checkatrade.com Stadium,Crawley,6134
UEFA,City Ground,Nottingham,30445
UEFA,Colchester Community Stadium,Colchester,10084
UEFA,County Ground,Swindon,15728
UEFA,Craven Cottage,London,25700
UEFA,Darlington Arena,Darlington,25000
UEFA,DCJ Group Insurance Arena,Matlock,2757
UEFA,Deepdale Stadium,Preston,23404
UEFA,DW Stadium,Wigan,25138
UEFA,Elland Road,Leeds,39460
UEFA,Emirates Stadium,London,59867
UEFA,Etihad Stadium,Manchester,55017
UEFA,Ewen Fields,Hyde,4073
UEFA,Ewood Park,Blackburn,31154
UEFA,Fratton Park,Portsmouth,20821
UEFA,Gigg Lane,Bury,11840
UEFA,Glanford Park,Scunthorpe,9088
UEFA,Globe Arena,Morecambe,6476
UEFA,Goodison Park,Liverpool,39595
UEFA,Griffin Park,London,12300
UEFA,Highbury Stadium,Fleetwood,5094
UEFA,Hillsborough,Sheffield,39812
UEFA,Home Park,Plymouth,16388
UEFA,Huish Park,Yeovil,9665
UEFA,John Smith’s Stadium,Huddersfield,24169
UEFA,Kassam Stadium,Oxford,12500
UEFA,KCOM Stadium,Hull,24983
UEFA,Keepmoat Stadium,Doncaster,15231
UEFA,Kenilworth Road,Luton,10226
UEFA,King Power Stadium,Leicester,32273
UEFA,Kingsmeadow,London,4850
UEFA,Loftus Road,London,18000
UEFA,London Stadium,London,60000
UEFA,Macron Stadium,Bolton,28723
UEFA,Madejski Stadium,Reading,24161
UEFA,Matchroom Stadium,London,9271
UEFA,Meadow Lane,Nottingham,20229
UEFA,Merseyrail Community Stadium,Southport,6008
UEFA,Mill Farm,Medlar with Wesham,6000
UEFA,Molineux Stadium,Wolverhampton,32057
UEFA,Montgomery Waters Meadow,Shrewsbury,9875
UEFA,Moor Lane,Salford,3339
UEFA,Moss Rose,Macclesfield,6355
UEFA,New York AESSEAL Stadium,Rotherham,12021
UEFA,Oakwell Stadium,Barnsley,23009
UEFA,Old Trafford,Manchester,74994
UEFA,One Call Stadium,Mansfield,9186
UEFA,PHB Stadium,Northfleet,5011
UEFA,Pirelli Stadium,Burton upon Trent,6912
UEFA,Plainmoor,Torquay,6500
UEFA,Portman Road,Ipswich,30311
UEFA,Prenton Park,Birkenhead,16587
UEFA,Pride Park Stadium,Derby,33597
UEFA,Priestfield Stadium,Gillingham,11582
UEFA,Princes Park,Dartford,4100
UEFA,Proact Stadium,Chesterfield,10379
UEFA,Ricoh Arena,Coventry,32609
UEFA,Riverside Stadium,Middlesbrough,33746
UEFA,Roots Hall,Southend-on-Sea,12392
UEFA,Sandygate Road,Sheffield,700
UEFA,Selhurst Park,London,25456
UEFA,Sincil Bank Stadium,Lincoln,10127
UEFA,South Kesteven Sports Stadium,Grantham,7500
UEFA,Spotland Stadium,Rochdale,10249
UEFA,St James Park,Exeter,8541
UEFA,St. Andrew’s Stadium,Birmingham,30009
UEFA,St. James’ Park,Newcastle,52354
UEFA,St. Mary’s Stadium,Southampton,32384
UEFA,Stadium mk,Milton Keynes,30700
UEFA,Stadium of Light,Sunderland,48707
UEFA,Stamford Bridge,London,41631
UEFA,Swansway Chester Stadium,Chester,5376
UEFA,Tameside Stadium,Ashton-under-Lyne,4000
UEFA,The Den,London,20146
UEFA,The Dripping Pan,Lewes,3000
UEFA,The Hawthorns,West Bromwich,26688
UEFA,The Hive,London,6205
UEFA,The New Lawn,Nailsworth,5032
UEFA,The PTS Academy Stadium,Northampton,7653
UEFA,The Valley,London,27111
UEFA,Totally Wicked Stadium,St Helens,17646
UEFA,Turf Moor,Burnley,21944
UEFA,Twickenham,London,82223
UEFA,Underhill Stadium,Barnet,6200
UEFA,Vale Park,Stoke-on-Trent,19052
UEFA,Valley Parade Stadium,Bradford,25100
UEFA,Vicarage Road,Watford,21000
UEFA,Victoria Park,Hartlepool,7856
UEFA,Victoria Road,London,6078
UEFA,Villa Park,Birmingham,42682
UEFA,Vitality Stadium,Bournemouth,11360
UEFA,Wembley,London,90652
UEFA,Wham Stadium,Accrington,5057
UEFA,White Hart Lane,London,32000
CAF,Estadio de Bata,Bata,35700
CAF,Estadio de Malabo,Malabo,15250
CAF,Cicero Stadium,Asmara,20000
UEFA,A. Le Coq Arena,Tallinn,15000
UEFA,Kadrioru Staadion,Tallinn,4700
UEFA,Kalevi Keskstaadion,Tallinn,11500
UEFA,Valga Keskstaadion,Valga,2500
UEFA,Á Mølini,Eiði,500
UEFA,Fløtugerði,Fuglafjørður,3000
UEFA,Gundadalur,Tórshavn,5000
UEFA,Lilit Svangaskarð,Toftir,1200
UEFA,Skála Vøllurin,Skala,1000
UEFA,Skansi Arena,Argir,2000
UEFA,Svangaskarð,Toftir,6000
UEFA,Tórsvøllur,Tórshavn,6040
UEFA,Við Djúpumýrar,Klaksvík,1500
UEFA,Lahden Stadion,Lahti,14465
UEFA,Myyrmäen jalkapallostadion,Vantaa,4700
UEFA,Olympiastadion,Helsinki,40600
UEFA,Ratina Stadion,Tampere,16820
UEFA,Sonera Stadium,Helsinki,10770
UEFA,Veritas Stadion,Turku,9400
UEFA,Allianz Riviera,Nice,36178
UEFA,Groupama Stadium,Lyon,59286
UEFA,Matmut Atlantique,Bordeaux,42115
UEFA,Matmut Stadium,Lyon,43051
UEFA,MMArena,Le Mans,25064
UEFA,Orange Vélodrome,Marseille,67394
UEFA,Parc des Princes,Paris,47929
UEFA,Parc des Sports d’Annecy,Annecy,15714
UEFA,Roazhon Park,Rennes,29778
UEFA,Stade Armand-Cesari,Furiani,17000
UEFA,Stade Auguste Bonal,Montbéliard,20005
UEFA,Stade Auguste-Delaune,Reims,21684
UEFA,Stade Bauer,Saint-Ouen,10000
UEFA,Stade Bollaert-Delelis,Lens,38223
UEFA,Stade Chaban-Delmas,Bordeaux,34327
UEFA,Stade Crédit Agricole La Licorne,Amiens,12097
UEFA,Stade de France,Saint-Denis,81338
UEFA,Stade de l‘Aar,Schiltigheim,2500
UEFA,Stade de l’Abbe Deschamps,Auxerre,18541
UEFA,Stade de l’Aube,Troyes,18200
UEFA,Stade de l’Épopée,Calais,12432
UEFA,Stade de l’Ill,Mulhouse,11303
UEFA,Stade de la Beaujoire,Nantes,37473
UEFA,Stade de la Libération,Boulogne-sur-Mer,15034
UEFA,Stade de la Méditerranée,Béziers,18555
UEFA,Stade de la Meinau,Strasburg,26500
UEFA,Stade de la Mosson,Montpellier,32939
UEFA,Stade de Roudourou,Guingamp,18197
UEFA,Stade des Alpes,Grenoble,20068
UEFA,Stade des Costieres,Nîmes,18482
UEFA,Stade du Hainaut,Valenciennes,25172
UEFA,Stade du Moustoir,Lorient,18500
UEFA,Stade du Ray,Nice,17415
UEFA,Stade Francis Le Basser,Laval,18607
UEFA,Stade Francis-Le Blé,Brest,15305
UEFA,Stade François-Coty,Ajaccio,10500
UEFA,Stade Gabriel Montpied,Clermont-Ferrand,10800
UEFA,Stade Gaston-Gérard,Dijon,16288
UEFA,Stade Geoffroy-Guichard,Saint-Étienne,41965
UEFA,Stade Jean Bouin,Paris,20000
UEFA,Stade Jules Deschaseaux,Le Havre,16400
UEFA,Stade Léon-Bollée,Le Mans,16500
UEFA,Stade Lille-Métropole,Lille,18185
UEFA,Stade Louis Dugauguez,Sedan,23189
UEFA,Stade Louis II,Monaco,18523
UEFA,Stade Marcel Picot,Nancy,20087
UEFA,Stade Marcel-Saupin,Nantes,1880
UEFA,Stade Marcel-Tribut,Dunkerque,4200
UEFA,Stade Michel d’Ornano,Caen,20300
UEFA,Stade Nungesser,Valenciennes,16547
UEFA,Stade Océane,Le Havre,25178
UEFA,Stade Pierre de Coubertin,Cannes,10000
UEFA,Stade Pierre Mauroy,Lille,50157
UEFA,Stade René-Gaillard,Niort,11352
UEFA,Stade Saint Symphorien,Metz,26671
UEFA,Stade Saint-Avold,Saint-Avold,3000
UEFA,Stade Sébastien Charléty,Paris,19141
UEFA,Stade Yves-du-Manoir,Montpellier,14700
UEFA,Stadium de Toulouse,Toulouse,33300
UEFA,Stadium du Littoral,Grande-Synthe,617
UEFA,U Arena,Paris,32000
CAF,Stade d'Oyem,Oyem,20031
CAF,Stade de Franceville,Franceville,22000
CAF,Stade de l’Amitié Sino-Gabonaise,Libreville,40000
CAF,Stade de Port-Gentil,Port-Gentil,20200
CAF,Independence Stadium,Bakau,28000
UEFA,Boris Paichadze Dinamo Arena,Tbilisi,54549
UEFA,Stadion Mikheil Meskhi,Tbilisi,27223
UEFA,Stadion Ramaz Shengelia,Kutaisi,12000
UEFA,Stadioni Temur Maghradze,Chiatura,11650
UEFA,Alfred-Kunze-Sportpark,Leipzig,10500
UEFA,Allianz Arena,Munich,75024
UEFA,Alte Försterei,Berlin,22012
UEFA,Audi-Sportpark,Ingolstadt,15445
UEFA,Auestadion,Kassel,18800
UEFA,BayArena,Leverkusen,30210
UEFA,Benteler-Arena,Paderborn,15000
UEFA,Borussia Park,Moenchengladbach,54010
UEFA,Brita-Arena,Wiesbaden,12566
UEFA,Bruchwegstadion,Moguncja,18000
UEFA,Carl-Benz-Stadion,Mannhiem,27000
UEFA,Commerzbank Arena,Frankfurt nad Menem,51500
UEFA,Continental Arena,Regensburg,15224
UEFA,Dietmar-Hopp-Stadion,Sinsheim,6350
UEFA,DKB Arena,Rostock,29000
UEFA,Donaustadion,Ulm,19500
UEFA,Eintracht-Stadion,Braunschweig,23325
UEFA,Ellenfeldstadion,Neunkirchen,23400
UEFA,ERDGAS Sportpark,Halle,15000
UEFA,Ernst-Abbe-Sportfeld,Jena,12630
UEFA,Erzgebirgsstadion,Aue,15690
UEFA,flyeralarm Arena,Würzburg,14500
UEFA,Frankenstadion,Heilbronn,17284
UEFA,Frankfurter Volksbank Stadion,Frankfurt nad Menem,12500
UEFA,Franz-Kremer-Stadion,Cologne,5457
UEFA,Friedrich-Ebert-Stadion,Hildesheim,8000
UEFA,Friedrich-Ludwig-Jahn-Sportpark,Berlin,19708
UEFA,Fritz-Walter-Stadion,Kaiserslautern,49780
UEFA,Gazi-Stadion,Stuttgart,11408
UEFA,Grenzland-Stadion,Moenchengladbach,10000
UEFA,Grotenburg,Krefeld,34500
UEFA,Grünwalder Stadion,Munich,15000
UEFA,Hans-Walter-Wild-Stadion,Bayreuth,21500
UEFA,Hardtwaldstadion,Sandhausen,12100
UEFA,HDI-Arena,Hanover,49951
UEFA,Hermann-Löns-Stadion,Paderborn,12000
UEFA,Holstein-Stadion,Kiel,10200
UEFA,Jahnstadion Göttingen,Göttingen,17000
UEFA,Jahnstadion Regensburg,Regensburg,12510
UEFA,Leimbachstadion,Siegen,18500
UEFA,Lohmühle,Lübeck,17869
UEFA,Lohrheidestadion,Bochum,16233
UEFA,Ludwig-Jahn-Stadion,Herford,18400
UEFA,Ludwigsparkstadion,Saarbrücken,35303
UEFA,Max-Morlock-Stadion,Nuremberg,48553
UEFA,MDCC-Arena,Magdeburg,25910
UEFA,mechatronik Arena,Aspach,10001
UEFA,Mercedes-Benz Arena,Stuttgart,60441
UEFA,Merck-Stadion am Böllenfalltor,Darmstadt,17468
UEFA,Merkur Spiel-Arena,Düsseldorf,54600
UEFA,Millerntor-Stadion,Hamburg,29546
UEFA,Olympiastadion,Berlin,74475
UEFA,Olympiastadion,Munich,69250
UEFA,Opel Arena,Moguncja,34034
UEFA,Osnatel-Arena,Osnabrück,16667
UEFA,OSTALB Arena,Aalen,14500
UEFA,Preußenstadion,Münster,15050
UEFA,Red Bull Arena,Leipzig,44345
UEFA,Rhein-Neckar-Stadion,Mannhiem,8000
UEFA,RheinEnergie Stadion,Cologne,50374
UEFA,Rosenaustadion,Augsburg,32354
UEFA,RSV-Stadion,Moenchengladbach,20000
UEFA,Rudolf-Harbig-Stadon,Dresden,32066
UEFA,Schauinsland-Reisen-Arena,Duisburg,31500
UEFA,Schönebürgstadion,Crailsheim,5500
UEFA,Schüco Arena,Bielefeld,28008
UEFA,Schwarzwald-Stadion,Freiburg,25000
UEFA,Sepp-Herberger-Stadion,Mannhiem,15200
UEFA,Signal Iduna Park,Dortmund,81359
UEFA,Sparda-Bank-Hessen-Stadion,Offenbach am Main,20600
UEFA,Sportpark Höhenberg,Cologne,10000
UEFA,Sportpark Ronhof,Fürth,18000
UEFA,Stadion am Zoo,Wuppertal,23067
UEFA,Stadion Chemnitz,Chemnitz,15479
UEFA,Stadion der Freundschaft,Chociebuż,22528
UEFA,Stadion Essen,Essen,20650
UEFA,Stadion Niederrhein,Oberhausen,21318
UEFA,Stadion Oberwerth,Koblenz,15000
UEFA,Stadion Rote Erde,Dortmund,9999
UEFA,Stadion Zwickau,Zwickau,10134
UEFA,Steigerwaldstadion,Erfurt,18559
UEFA,Südstadion,Cologne,14944
UEFA,Tivoli,Aachen,32900
UEFA,Tönnies-Arena,Rheda-Wiedenbrück,3562
UEFA,Veltins Arena,Gelsenkirchen,62271
UEFA,VfL-Stadion am Elsterweg,Wolfsburg,17600
UEFA,Voith-Arena,Heidenheim,15000
UEFA,Volksparkstadion,Hamburg,57274
UEFA,Volkswagen Arena,Wolfsburg,30122
UEFA,Vonovia Ruhrstadion,Bochum,32645
UEFA,Waldstadion Homburg,Homburg,16488
UEFA,Waldstadion Weismain,Weismain,18000
UEFA,Walter-Mundorf-Stadion,Siegburg,5000
UEFA,Weserstadion,Bremen,42354
UEFA,Wildparkstadion,Karlsruhe,29699
UEFA,Willy-Sachs-Stadion,Schweinfurt,15000
UEFA,Wirsol Rhein-Neckar Arena,Sinsheim,30164
UEFA,WWK Arena,Augsburg,30660
CAF,Accra Sports Stadium,Accra,40000
CAF,Alhaji Aliu Mahama Sports Stadium,Tamale,21017
CAF,Baba Yara Stadium,Kumasi,40528
CAF,Cape Coast Stadium,Cape Coast,15000
CAF,Sekondi-Takoradi Stadium,Sekondi-Takoradi,20000
UEFA,Victoria Stadium,Gibraltar,5000
UEFA,AEL Arena,Larissa,16118
UEFA,Gípedo  Véroias,Véroia,9300
UEFA,Gípedo Astéra Trípolis,Trípoli,2500
UEFA,Gípedo Neápolis,Níkaia,6500
UEFA,Gípedo Theodoros Vardinogiannis,Iraklio,9088
UEFA,Karaiskaki,Peiraiefs,33334
UEFA,Pampeloponnisiakó Stádio,Petras,23588
UEFA,Panthessalikó Stádio,Vólos,22140
UEFA,Stádio Alkazár,Larissa,13108
UEFA,Stádio Apostolos Nikolaidis,Athens,16003
UEFA,Stádio Fyli,Fyli,3142
UEFA,Stadio Georgios Kamaras,Athens,14200
UEFA,Stádio Kaftanzóglio,Thessaloniki,28028
UEFA,Stádio Kalamariás,Kalamariá,7000
UEFA,Stádio Kavala,Kavala,12500
UEFA,Stádio Kérkyras,Korfu,4000
UEFA,Stádio Kleánthis Vikelídis,Thessaloniki,23220
UEFA,Stádio Komotini,Komotini,3000
UEFA,Stádio Livadeiás,Livadéia,5915
UEFA,Stádio Nea Smyrni,Athens,11115
UEFA,Stádio Pankritio,Iraklio,25780
UEFA,Stádio Peristeríou,Peristeri,10000
UEFA,Stádio Serres,Serres,9500
UEFA,Stádio ŠKODA Xánthis,Pigádhia,7456
UEFA,Stádio Spiros Louis,Athens,69618
UEFA,Stádio Stavros Mavrothalassitis,Aíyaleo,3530
UEFA,Stádio Toumba,Thessaloniki,28701
UEFA,Stádio Vólou,Vólos,9000
UEFA,Nuuk Stadion,Nuuk,2000
UEFA,Tasiilaq Stadion,Tasiilaq,500
CONCACAF,Estadio Carlos Salazar Hijo,Mazatenango,12000
CONCACAF,Estadio del Ejército,Guatemala City,12453
CONCACAF,Estadio Mario Camposeco,Quetzaltenango,11000
CONCACAF,Estadio Mateo Flores,Guatemala City,30000
CONCACAF,Estadio Municipal de Petapa,Petapa,10000
CONCACAF,Estadio Pensativo,Antigua,9000
CONCACAF,Estádio Carlos Miranda,Comayagua,10000
CONCACAF,Estádio Francisco Morazán,San Pedro Sula,18000
CONCACAF,Estádio Nilmo Edwards,La Ceiba,15000
CONCACAF,Estádio Olímpico Metropolitano,San Pedro Sula,40000
CONCACAF,Estadio Tiburcio Carías Andino,Tegucigalpa,35000
AFC,Hong Kong Stadium,Hong Kong,40000
UEFA,Bozsik Stadion,Budapest,9500
UEFA,Dunaferr Arena,Dunaújváros,12000
UEFA,ETO Park,Győr,16000
UEFA,Groupama Aréna,Budapest,23700
UEFA,Haladás Sportkomplexum,Szombathely,8656
UEFA,Hidegkuti Nándor Stadion,Budapest,5322
UEFA,Illovszky Stadion,Budapest,9000
UEFA,Káposztás utcai Stadion,Sopron,5800
UEFA,Ligeti Stadion,Vác,9000
UEFA,Nagyerdei Stadion,Debrecen,20340
UEFA,Pancho Aréna,Felcsút,3500
UEFA,Puskás Ferenc Stadion,Budapest,69368
UEFA,Stadion Oláh Gábor Út,Debrecen,10000
UEFA,Szusza Ferenc Stadion,Budapest,14817
UEFA,Vasút utca,Százhalombatta,2000
UEFA,ZTE-Aréna,Zalaegerszeg,12360
UEFA,Fjölnisvöllur,Reykjavík,1098
UEFA,Hásteinsvöllur,Heimaey,2983
UEFA,Hlíðarendi,Reykjavík,3421
UEFA,Kaplakriki,Hafnarfjordur,6450
UEFA,Kópavogsvöllur,Kópavogur,5501
UEFA,Laugardalsvöllur,Reykjavík,13000
UEFA,Norðurálsvöllurinn,Akranes,5524
UEFA,Samsung Völlurinn,Garðabær,1000
UEFA,Víkingsvöllur,Reykjavík,1100
AFC,Bangalore Football Stadium,Bangalore,8400
AFC,Cooperage Football Stadium,Mumbai,4156
AFC,Indira Gandhi Stadium,Palakkad,5000
AFC,Jawaharlal Nehru Stadium (Delhi),New Delhi,60000
AFC,Jawaharlal Nehru Stadium (Kochi),Kochi,41000
AFC,Municipal Corporation Stadium,Kozhikode,53000
AFC,Nehru Stadium,Coimbatore,30000
AFC,The Arena,Ahmedabad,20000
AFC,Yuba Bharati Krirangan,Kolkata,66000
AFC,Gelora Bung Karno,Jakarta,76127
AFC,Gelora Bung Tomo,Surabaya,50000
AFC,GOR Aji Imbut,Tenggarong,35000
AFC,Kuantan Singingi Stadium,Teluk Kuantan,25000
AFC,Stadion Diponegoro,Banyuwangi,8000
AFC,Stadion Dipta,Gianyar,25000
AFC,Stadion Gajayana,Malang,30000
AFC,Stadion Gelora Sriwijaya,Palembang,40000
AFC,Stadion Kanjuruhan,Malang,35000
AFC,Stadion Pakansari,Cibinong,31000
AFC,Stadion Segiri,samarinda,18000
AFC,Stadion Si Jalak Harupat,Bandung,27000
AFC,Stadion Utama Palaran,samarinda,60000
AFC,Stadion Utama Riau,Pekanbaru,40700
AFC,Azadi Stadium,Tehran,78116
AFC,Imam Reza Stadium,Mashhad,27700
AFC,Yadegar-e Emam Stadium,Tabriz,66833
AFC,Basrah International Stadium,Basrah,65000
AFC,Franso Hariri Stadium,Erbil,28000
AFC,Karbala International Stadium,Karbala,30000
UEFA,Aviva Stadium,Dublin,51700
UEFA,Croke Park,Dublin,82300
UEFA,Dalymount Park,Dublin,4227
UEFA,Flancare Park,Longford,6850
UEFA,Tallaght Stadium,Tallaght,5947
UEFA,The Showgrounds,Sligo,4000
UEFA,Thomond Park,Limerick,25630
UEFA,Tolka Park,Dublin,6000
UEFA,Turners Cross Stadium,Cork,7485
UEFA,Bloomfield Stadium,Tel Awiw-Jafa,14413
UEFA,HaMoshava Stadium,Petah Tikwa,11500
UEFA,Ilut Stadium,Ilut,4932
UEFA,Municipal Stadium,Herzliya,8400
UEFA,Netanya Stadium,Netanya,13800
UEFA,Ramat Gan,Tel Awiw-Jafa,40920
UEFA,Sammy Ofer Stadium,Haifa,30820
UEFA,Teddy Stadium,Jerusalem,31733
UEFA,The Green Stadium,Nazareth,5000
UEFA,Turner Stadium,Beersheba,16126
UEFA,Yud-Alef,Ashdod,7980
UEFA,Allianz Stadium,Turin,41507
UEFA,Arena Garibaldi,Piza,14869
UEFA,Dacia Arena,Udine,25144
UEFA,Mapei Stadium,Reggio Emilia,23717
UEFA,Sardegna Arena,Cagliari,16416
UEFA,Stadio Alberto Braglia,Modena,20507
UEFA,Stadio Aldo e Dino Ballarin,Chioggia,3000
UEFA,Stadio Angelo Massimino,Catania,20797
UEFA,Stadio Arechi,Salerno,37245
UEFA,Stadio Armando Picchi,Livorno,19801
UEFA,Stadio Artemio Franchi,Florence,47300
UEFA,Stadio Artemio Franchi,Siena,15725
UEFA,Stadio Atleti Azzurri d’Italia,Bergamo,24726
UEFA,Stadio Benito Stirpe,Frosinone,16125
UEFA,Stadio Brianteo,Monza,18568
UEFA,Stadio Carlo Castellani,Empoli,16800
UEFA,Stadio Cino e Lillo Del Duca,Ascoli Piceno,20000
UEFA,Stadio Comunale di Torino,Turin,28140
UEFA,Stadio Comunale Matusa,Frosinone,9680
UEFA,Stadio Danilo Martelli,Mantua,14884
UEFA,Stadio Dino Manuzzi,Cesena,23860
UEFA,Stadio Ennio Tardini,Parma,21473
UEFA,Stadio Erasmo Iacovone,Taranto,26348
UEFA,Stadio Euganeo,Padova,32336
UEFA,Stadio Filadelfia,Turin,4200
UEFA,Stadio Franco Ossola,Varese,9424
UEFA,Stadio Giuseppe Sinigaglia,Como,13602
UEFA,Stadio Libero Liberati,Terni,22000
UEFA,Stadio Luigi Ferraris,Genoa,36348
UEFA,Stadio Marc Antonio Bentegodi,Verona,39211
UEFA,Stadio Mario Rigamonti,Brescia,26072
UEFA,Stadio Nereo Rocco,Triest,28565
UEFA,Stadio Olimpico,Rome,70634
UEFA,Stadio Oreste Granillo,Reggio Calabria,27713
UEFA,Stadio Paolo Mazza,Ferrara,7000
UEFA,Stadio Partenio,Avellino,26150
UEFA,Stadio Piercesare Tombolato,Cittadella,7623
UEFA,Stadio Pierluigi Penzo,Venice,7389
UEFA,Stadio Pino Zaccheria,Foggia,25085
UEFA,Stadio Polisportivo Provinciale,Trapani,7787
UEFA,Stadio Raffaele Mancini,Fano,8800
UEFA,Stadio Renato Curi,Perugia,27049
UEFA,Stadio Renato Dall’Ara,Bologna,39300
UEFA,Stadio Renzo Barbera,Palermo,36349
UEFA,Stadio San Filippo,Messina,40200
UEFA,Stadio San Nicola,Bari,58270
UEFA,Stadio San Paolo,Neapol,60240
UEFA,Stadio San Siro,Milan,81277
UEFA,Stadio Sant’Elia,Cagliari,16000
UEFA,Stadio Silvio Piola,Novara,17875
UEFA,Stadio Silvio Piola,Vercelli,4200
UEFA,Stadio Via del Mare,Lecce,36285
CAF,Stade Félix-Houphouët-Boigny,Abidjan,35000
AFC,Ajinomoto Stadium,Chofu (Tokyo),50100
AFC,Atsubetsu Stadium,Sapporo,20861
AFC,Banpaku Stadium,Osaka,23000
AFC,Best Amenity Stadium,Tosu,24490
AFC,Big Arch Stadium,Hiroshima,45000
AFC,Chiyogadai Stadium,Hakodate,15000
AFC,City Light Stadium,Okayama,20000
AFC,Ecopa Stadium,Fukuroi,50889
AFC,Fukuda Denshi Arena,Ichihara,19781
AFC,Hitachidai,Kashiwa,15349
AFC,Ichihara Seaside Stadium,Ichihara,15338
AFC,Kashima Stadium,Kashima,40728
AFC,Kashiwanoha Stadium,Kashiwa,20000
AFC,Kincho Stadium,Osaka,20500
AFC,Komazawa Stadium,Setagaya Ward,20010
AFC,Kumagaya Sports Park Stadium,Kumagaya,15392
AFC,Level-5 Stadium,Fukuoka,22563
AFC,Machida Athletic Stadium,Machida,10600
AFC,Marugame Stadium,Marugame,30099
AFC,Matsumoto Stadium,Matsumoto,20396
AFC,Mikuni World Stadium,Kitakyushu,15066
AFC,Minaminagano Stadium,Nagano,15491
AFC,Miyagi Stadium,Rifu,49133
AFC,Nagaragawa Stadium,Gifu,31000
AFC,Nagasaki Athletic Stadium,Isahaya,20246
AFC,ND Soft Stadium,Tendō,20315
AFC,NHK Spring Mitsuzawa Stadium,Yokohama,15454
AFC,Niigata Stadium,Niigata,42279
AFC,Ningineer Stadium,Matsuyama,30000
AFC,Nishikyogoku Stadium,Kyoto,20242
AFC,Nissan Stadium,Yokohama,72327
AFC,Noevir Stadium Kobe,Kobe,30132
AFC,Ōita Stadium,Oita,40000
AFC,Ōmiya Park Stadium,Saitama,15500
AFC,Outsourcing Stadium Nihondaira,Shimizu-Miho,20299
AFC,Saitama Stadium,Urawa,63718
AFC,Sapporo Dome,Sapporo,41484
AFC,Shikishima Stadium,Gunma,10050
AFC,Shonan BMW Stadium,Hiratsuka,18500
AFC,Stadium Sendai,Sendai,19694
AFC,Suita City Stadium,Suita,39694
AFC,Tochigi Green Stadium,Utsunomiya,15589
AFC,Todoroki Athletic Stadium,Kawasaki,27495
AFC,Toyama Stadium,Toyama,28494
AFC,Toyota Stadium,Toyota,45000
AFC,Umakana Yokana Stadium,Kumamoto,32000
AFC,Universiade Stadium,Kobe,60000
AFC,Urawa Komaba Stadium,Urawa,21500
AFC,Yamaha Stadium,Iwata,16879
AFC,Yanmar Nagai Stadium,Osaka,45409
AFC,King Abdullah Stadium,Amman,18000
AFC,Prince Mohammed Stadium,Zarqa,17000
UEFA,Astana Arena,Astana,30254
UEFA,Ortalyk Tsentralnyi Stadion,Almaty,23804
UEFA,Stadion Kazhimukan Munaytpasov,Shymkent,37000
UEFA,Stadion Kazhimukan Munaytpasov,Astana,12250
UEFA,Stadion Zhetysu,Taldykorgan,5550
CAF,Afraha Stadium,Nakuru,8200
CAF,Nyayo National Stadium,Nairobi,30000
CAF,Safaricom Stadium,Nairobi,60000
AFC,Jaber Al-Ahmad International Stadium,Al-Ardiya,64000
AFC,Mubarak Alair Stadium,Jahra,17000
AFC,Thamir Stadium,Salmiya,16105
AFC,Laos National Stadium,Vientiane,25000
UEFA,Celtnieks,Daugavpils,3480
UEFA,Daugavas stadions,Riga,10000
UEFA,Daugavas stadions,Liepāja,5083
UEFA,Latvijas Universitates,Riga,5000
UEFA,Olimpija stadions,Liepāja,1500
UEFA,Skonto,Riga,9500
UEFA,Stadions Arkādija,Riga,412
UEFA,Ventspils stadions,Ventspils,3250
UEFA,ZOC stadions,Jelgava,1560
AFC,Beirut Municipal Stadium,Beirut,18000
AFC,Camille Chamoun Stadium,Beirut,48837
AFC,Saida International Stadium,Sidon,22600
CAF,Setsoto Stadium,Maseru,20000
UEFA,Aukštaitijos,Panevėžys,9940
UEFA,LFF Stadionas,Vilnius,5422
UEFA,Pakruojo miesto stadionas,Pakruojis,2000
UEFA,S. Dariaus ir S. Gireno,Kaunas,8248
UEFA,Savivaldybės stadionas,Šiauliai,2430
UEFA,Suduvos,Marijampolė,4000
UEFA,Stade Alphonse Theis,Hesperange,4100
UEFA,Stade au Cents,Luxembourg,2800
UEFA,Stade du Thillenberg,Differdange,6300
UEFA,Stade Émile Mayrisch,Esch-sur-Alzette,3900
UEFA,Stade Jos Nosbaum,Dudelange,2558
UEFA,Stade Josy Barthel,Luxembourg,8054
UEFA,Stade Municipal de Rumelange,Rumelange,3010
UEFA,Stade Municipal Oberkorn,Differdange,2400
UEFA,Stade op Flohr,Grevenmacher,4062
UEFA,Pod Tumbe Kafe,Bitola,6100
UEFA,Stadion Boris Trajkovski,Skopje,3000
UEFA,Stadion Gjorče Petrov,Skopje,3000
UEFA,Stadion Goce Delčev,Prilep,5684
UEFA,Stadion Gradska Plaža,Struga,1000
UEFA,Stadion Gradski Kičevo,Kičevo,5000
UEFA,Stadion Gradski Tetovo,Tetovo,15000
UEFA,Telekom Arena,Skopje,36400
CAF,Bingu National Stadium,Lilongwe,41100
AFC,Stadium Bukit Jalil,Bukit Jalil,87411
AFC,Stadium Darul Makmur,Kuantan,40000
AFC,Stadium JCorp,Pasir Gudang,15000
AFC,Stadium Larkin,Johor Bahru,30000
AFC,Stadium Likas,Kota Kinabalu,35000
AFC,Stadium MPS,Selayang,10000
AFC,Stadium Petaling Jaya,Petaling Jaya,25000
AFC,Stadium Shah Alam,Shah Alam,69372
CAF,Stade du 26 Mars,Bamako,55000
UEFA,Centenary Stadium,Ta’ Qali,2000
UEFA,Hibernians Ground,Paola,1232
UEFA,Ta’ Qali Stadium,Ta’ Qali,17797
UEFA,Victor Tedesco Stadium,Ħamrun,858
CONCACAF,Estadio 3 de Marzo,Guadalajara,22988
CONCACAF,Estadio Agustín Coruco Díaz,Zacatepec,24443
CONCACAF,Estadio Akron,Zapopan,49850
CONCACAF,Estadio Alberto Córdoba,Toluca,32000
CONCACAF,Estadio Alfonso Lastras,San Luís Potosí,24000
CONCACAF,Estadio Andrés Quintana Roo,Cancún,20000
CONCACAF,Estadio Azteca,Mexico City,87000
CONCACAF,Estadio Azul,Mexico City,35161
CONCACAF,Estadio Azulgrana,Netzahualcóyotl,28500
CONCACAF,Estadio Banorte,Culiacán,21000
CONCACAF,Estadio BBVA Bancomer,Guadeloupe,53500
CONCACAF,Estadio Borregos,Aquascalientes,2000
CONCACAF,Estadio Caliente,Tijuana,27333
CONCACAF,Estadio Cuauhtémoc,Puebla,51726
CONCACAF,Estadio Jalisco,Guadalajara,56713
CONCACAF,Estadio Juan N. López,La Piedad,20000
CONCACAF,Estadio La Corregidora,Querétaro,34130
CONCACAF,Estadio León,León,31297
CONCACAF,Estadio Luís de la Fuente,Boca del Rio,28703
CONCACAF,Estadio Marte R. Gómez,Ciudad Victoria,18000
CONCACAF,Estadio Miguel Hidalgo,Pachuca,25000
CONCACAF,Estadio Morelos,Morelia,38869
CONCACAF,Estadio Nemesio Díez,Toluca,30000
CONCACAF,Estadio Olímpico Universitario,Mexico City,63186
CONCACAF,Estadio Tecnológico,Monterrey,32662
CONCACAF,Estadio Tecnológico de Oaxaca,Oaxaca de Juárez,17200
CONCACAF,Estadio TSM Corona,Torreon,30000
CONCACAF,Estadio Universitario,San Nicolás de los Garza,41886
CONCACAF,Estadio Universitario BUAP,Puebla,20411
CONCACAF,Estadio Víctor Manuel Reyna,Tuxtla Gutiérrez,29508
CONCACAF,Estadio Victoria,Aquascalientes,25494
UEFA,Bolshaya Sportivnaya Arena,Tiraspol,12746
UEFA,Dinamo,Kishinev,2692
UEFA,Krytaya Arena,Tiraspol,3570
UEFA,Malaya Sportivnaya Arena,Tiraspol,8914
UEFA,Republican,Kishinev,8009
UEFA,Zimbru,Kishinev,10600
UEFA,Stadion pod Goricom,Podgorica,15230
CAF,Complexe Sportif de Fès,Fes,45000
CAF,Stade Adrar,Agadir,45480
CAF,Stade Bachir,Mohammedia,15000
CAF,Stade d'Honneur d’Oujda,Oujda,30000
CAF,Stade d'Honneur de Meknès,Meknes,20000
CAF,Stade de FUS,Rabat,10000
CAF,Stade de Marrakech,Marrakech,45240
CAF,Stade de Tanger,Tangier,45000
CAF,Stade du 18-Novembre,Khemisset,10000
CAF,Stade du Phosphate,Khouribga,10000
CAF,Stade El Abdi,El Jadida,10000
CAF,Stade El Massira,Safi,15000
CAF,Stade Hassan II,Fes,10000
CAF,Stade Mimoun Al Arsi,Al Hoceima,12500
CAF,Stade Mohamed V,Casablanca,67000
CAF,Stade Moulay Abdallah,Rabat,65000
CAF,Stade Municipal de Kénitra,Kenitra,15000
CAF,Stade Saniat Rmel,Tetouan,10000
CAF,Estádio da Machava,Maputo,40000
CAF,Estádio do Zimpeto,Maputo,42000
AFC,Dasarath Rangasala,Kathmandu,25000
UEFA,Abe Lenstra Stadion,Heerenven,26400
UEFA,AFAS Stadion,Alkmaar,17250
UEFA,Cambuurstadion,Leeuwarden,10250
UEFA,De Adelaarshorst,Deventer,10400
UEFA,De Geusselt,Maastricht,10000
UEFA,De Grolsch Veste,Enschede,30205
UEFA,De Koel,Venlo,8000
UEFA,De Oude Meerdijk,Emmen,8301
UEFA,Frans Heesen Stadion,Oss,4560
UEFA,GelreDome,Arnhem,21248
UEFA,Goffertstadion,Nijmegen,12470
UEFA,Hitachi Stadion,Groningen,22550
UEFA,Johan Cruijff ArenA,Amsterdam,55134
UEFA,Koning Willem II Stadion,Tilburg,14637
UEFA,Kras Stadion,Volendam,6984
UEFA,Kyocera Stadion,Hague,15000
UEFA,Lavans Stadion,Helmond,4200
UEFA,MAC³PARK stadion,Zwolle,13250
UEFA,Mandemakers Stadion,Waalwijk,7500
UEFA,Olympisch Stadion,Amsterdam,22288
UEFA,Parkstad Limburg,Kerkrade,19200
UEFA,Philips Stadion,Eindhoven,35119
UEFA,Rat Verlegh Stadion,Breda,19000
UEFA,Sparta Stadion,Rotterdam,11026
UEFA,Sportpark De Heikant,Groesbeek,4500
UEFA,Sportpark De Hoge Bomen,Naaldwijk,2000
UEFA,Sportpark De Westmaat (Blauwe),Spakenburg,2300
UEFA,Sportpark De Westmaat (Rode),Spakenburg,2550
UEFA,Sportpark Elinkwijk,Utrecht,5000
UEFA,Sportpark Westvliet,Voorburg,1000
UEFA,Stadion Feijenoord,Rotterdam,51117
UEFA,Stadion Galgenwaard,Utrecht,24426
UEFA,Stadion Heracles Almelo,Almelo,13500
UEFA,Stadion Woudestein,Rotterdam,3785
UEFA,Telstar Stadion,Velsen-Zuid,3625
UEFA,Trendwork Arena Stadion,Sittard,12500
OFC,Eden Park,Auckland,50000
OFC,Forsyth Barr Stadium,Dunedin,30748
OFC,Westpac Stadium,Wellington,36000
CAF,Abuja Stadium,Abuja,60491
CAF,Godswill Akpabio International Stadium,Uyo,30000
AFC,Kim Il-sung Stadium,Pyongyang,50000
AFC,Rungrado May Day Stadium,Pyongyang,114000
UEFA,Kingspan Stadium,Belfast,18196
UEFA,Solitude,Belfast,6224
UEFA,The Oval,Belfast,5056
UEFA,Windsor Park,Belfast,18614
UEFA,Aker Stadion,Molde,11167
UEFA,Alfheim Stadion,Tromsø,7500
UEFA,Åråsen Stadion,Lillestrøm,12250
UEFA,Aspmyra Stadion,Bodø,7294
UEFA,Bislett Stadion,Oslo,15400
UEFA,Brann Stadion,Bergen,17686
UEFA,Color Line Stadion,Ålesund,10720
UEFA,HIL Stadion,Henningsvær,500
UEFA,Intility Arena,Oslo,17333
UEFA,Komplett.no Arena,Sandefjord,9000
UEFA,Lerkendal Stadion,Trondheim,21366
UEFA,Marienlyst Stadion,Drammen,8500
UEFA,Nadderud Stadion,Bærum,4750
UEFA,Sarpsborg Stadion,Sarpsborg,5000
UEFA,Sør Arena,Kristiansand,14300
UEFA,Strømmen Stadion,Strømmen,1800
UEFA,Telenor Arena,Fornebu,15600
UEFA,Ullevål Stadion,Oslo,27200
UEFA,Viking Stadion,Stavanger,15300
AFC,Al-Saada Stadium,Salalah,8000
AFC,Seeb Stadium,Seeb,8000
AFC,Sohar Regional Sports Complex,Sohar,19000
AFC,Sur Sports Complex,Sur,8000
CONMEBOL,Estadio Antonio Oddone Sarubbi,Pedro Juan Caballero,28000
CONMEBOL,Estadio Defensores del Chaco,Asunción,36000
CONMEBOL,Estadio Dr. Nicolás Leóz,Asunción,10000
CONMEBOL,Estadio Feliciano Cáceres,Luque,24000
CONMEBOL,Estadio General Pablo Rojas,Asunción,45000
CONMEBOL,Estadio Manuel Ferreira,Asunción,22000
CONMEBOL,Estadio Rio Parapiti,Pedro Juan Caballero,22000
CONMEBOL,Estadio Alejandro Villanueva,Lima,33938
CONMEBOL,Estadio Garcilaso de la Vega,Cusco,42056
CONMEBOL,Estadio Miguel Grau,Callao,15000
CONMEBOL,Estadio Nacional José Diaz,Lima,45574
CONMEBOL,Estadio Teodoro Lolo Fernández,Ate,80093
UEFA,Arena Częstochowa,Częstochowa,16850
UEFA,Arena Lublin,Lublin,15400
UEFA,Arena Zabrze,Zabrze,24563
UEFA,Arena Żagań,Zagan,2060
UEFA,Dolcan Arena,Zabki,2100
UEFA,GIEKSA Arena,Bełchatów,5264
UEFA,Intakus Park,Wroclaw,4000
UEFA,Izo Arena,Boguchwała,943
UEFA,Kompleks im. Włodzimierza Smolarka,Uniejów,800
UEFA,Motoarena,Toruń,15000
UEFA,Narodowy Stadion Rugby,Gdynia,2425
UEFA,PGE Narodowy,Warsaw,57915
UEFA,Stadion 1000-lecia w Turku,Turek,2400
UEFA,Stadion 650-lecia,Słupsk,5000
UEFA,Stadion Alfreda Smoczyka,Leszno,16700
UEFA,Stadion Amiki,Wronki,5296
UEFA,Stadion Arkonii,Szczecin,10000
UEFA,Stadion AWF Katowice,Katowice,1200
UEFA,Stadion AWF Kraków,Krakow,5000
UEFA,Stadion Bałtyku,Koszalin,4000
UEFA,Stadion BBOSiR Młyńska,Bielsko-Biała,660
UEFA,Stadion Bolesława,Bukowno,3469
UEFA,Stadion Broni Radom,Radom,4066
UEFA,Stadion Bronisława Bagińskiego,Barlinek,960
UEFA,Stadion Bruk-Bet,Nieciecza,4666
UEFA,Stadion Bugu Wyszków,Wyszków,6900
UEFA,Stadion Bytovii,Bytow,2043
UEFA,Stadion Carbo,Gliwice,1025
UEFA,Stadion Cartusii,Kartuzy,1000
UEFA,Stadion Ceramiki,Opoczno,4700
UEFA,Stadion Chełmianki,Chelm,3280
UEFA,Stadion Chemika Bydgoszcz,Bydgoszcz,15000
UEFA,Stadion Chojniczanki,Chojnice,3500
UEFA,Stadion Chrobrego,Głogów,2817
UEFA,Stadion Cracovii,Krakow,14572
UEFA,Stadion CSiR w Babimoście,Babimost,540
UEFA,Stadion CTS Nowa Ruda,Nowa Ruda,1483
UEFA,Stadion Czarnych Jasło,Jasło,873
UEFA,Stadion Czarnych Olecko,Olecko,2000
UEFA,Stadion Dyskobolii,Grodzisk Wielkopolski,5383
UEFA,Stadion Edwarda Szymkowiaka,Bytom,5500
UEFA,Stadion Energa Gdańsk,Gdansk,41620
UEFA,Stadion Falubazu,Zielona Gora,15000
UEFA,Stadion Floriana Krygiera,Szczecin,18027
UEFA,Stadion Floty,Świnoujście,3240
UEFA,Stadion Garbarni,Krakow,963
UEFA,Stadion GKS-u Jastrzębie,Jastrzębie-Zdrój,6800
UEFA,Stadion GKS-u Katowice,Katowice,6710
UEFA,Stadion Górnika Łęczna,Łęczna,7456
UEFA,Stadion Górnika Libiąż,Libiaz,977
UEFA,Stadion GOS,Nadarzyn,900
UEFA,Stadion GOSiR w Gdyni,Gdynia,15139
UEFA,Stadion Granicy Bogatynia,Bogatynia,1476
UEFA,Stadion Gryfa,Wejherowo,2500
UEFA,Stadion Gryfa Kamień Pomorski,Kamień Pomorski,900
UEFA,Stadion Gryfa Słupsk,Słupsk,3000
UEFA,Stadion Grzegorza Duneckiego,Toruń,4300
UEFA,Stadion Henryka Reymana,Krakow,33130
UEFA,Stadion Hetmana,Zamość,12500
UEFA,Stadion Huraganu Pobiedziska,Pobiedziska,924
UEFA,Stadion Hutnika Warszawa,Warsaw,6000
UEFA,Stadion Igloopolu Dębica,Debica,12000
UEFA,Stadion im. Stanisława Bąka,Wągrowiec,2600
UEFA,Stadion im. Włodzimierza Smolarka,Aleksandrów Łódzki,2086
UEFA,Stadion Inowrocławskich Olimpijczyków,Inowroclaw,3500
UEFA,Stadion Jagiellonii,Bialystok,22386
UEFA,Stadion Jaroty,Jarocin,1984
UEFA,Stadion Jezioraka,Iława,5000
UEFA,Stadion Józefa Pawełczyka,Czeladz,1300
UEFA,Stadion Karkonoszy,Jelenia Gora,7558
UEFA,Stadion Karola Kucharskiego,Gryfice,644
UEFA,Stadion Karpat,Krosno,6000
UEFA,Stadion Kazimierza Deyny,Starogard Gdański,3291
UEFA,Stadion Kazimierza Górskiego,Płock,10978
UEFA,Stadion Konfeksu,Legnica,3200
UEFA,Stadion Koszarawy,Żywiec,2500
UEFA,Stadion KSZO,Ostrowiec Świętokrzyski,7430
UEFA,Stadion Kujawiaka,Włocławek,4840
UEFA,Stadion Kuźniczka,Kędzierzyn-Koźle,3000
UEFA,Stadion Łady Biłgoraj,Biłgoraj,1495
UEFA,Stadion Lecha Poznań,Poznan,42837
UEFA,Stadion Lechii,Gdansk,11811
UEFA,Stadion Lechii Dzierżoniów,Dzierzoniow,4500
UEFA,Stadion Lechii Strawczyn,Strawczyn,1150
UEFA,Stadion Legionovii,Legionowo,1730
UEFA,Stadion Lekkoatletyczny BOSiR,Bialystok,1500
UEFA,Stadion Lekkoatletyczny w Barcinie,Barcin,672
UEFA,Stadion Lekkoatletyczny w Lublinie,Lublin,1370
UEFA,Stadion Leśny w Niechorzu,Niechorze,1250
UEFA,Stadion Leśny w Sopocie,Sopot,5000
UEFA,Stadion ŁKS-u,Łódź,4994
UEFA,Stadion ŁKS-u Łódź,Łódź,5700
UEFA,Stadion ŁKS-u Łomża,Łomża,3450
UEFA,Stadion Ludowy,Sosnowiec,7500
UEFA,Stadion Mariana Paska,Konin,850
UEFA,Stadion Mazura,Elk,2720
UEFA,Stadion Miejski Tychy,Tychy,15150
UEFA,Stadion Miejski w Alwerni,Alwernia,1500
UEFA,Stadion Miejski w Będzinie,Bedzin,10000
UEFA,Stadion Miejski w Bielsku-Białej,Bielsko-Biała,15076
UEFA,Stadion Miejski w Gogolinie,Gogolin,1600
UEFA,Stadion Miejski w Gostyninie,Gostynin,3000
UEFA,Stadion Miejski w Gubinie,Gubin,2000
UEFA,Stadion Miejski w Kluczborku,Kluczbork,2586
UEFA,Stadion Miejski w Kutnie,Kutno,4050
UEFA,Stadion Miejski w Międzychodzie,Międzychód,600
UEFA,Stadion Miejski w Nowym Tomyślu,Nowy Tomyśl,1030
UEFA,Stadion Miejski w Polkowicach,Polkowice,3325
UEFA,Stadion Miejski w Radłowie,Radłów,1000
UEFA,Stadion Miejski w Radomsku,Radomsko,5000
UEFA,Stadion Miejski w Radzyniu,Radzyń Podlaski,1000
UEFA,Stadion Miejski w Skwierzynie,Skwierzyna,1200
UEFA,Stadion Miejski w Starachowicach,Starachowice,15000
UEFA,Stadion Miejski w Sulejówku,Sulejówek,1240
UEFA,Stadion Miejski w Świdniku,Świdnik,2800
UEFA,Stadion Miejski w Szczecinku,Szczecinek,1500
UEFA,Stadion Miejski w Trzemiesznie,Trzemeszno,1000
UEFA,Stadion Miejski w Zgorzelcu,Zgorzelec,1913
UEFA,Stadion Miejski we Wrześni,Września,927
UEFA,Stadion Mieszka Gniezno,Gniezno,2050
UEFA,Stadion MKS-u Kozienice,Kozienice,4700
UEFA,Stadion MOSiR Brzeg,Brzeg,2100
UEFA,Stadion MOSiR Bystrzyca,Lublin,10000
UEFA,Stadion MOSiR Puławy,Puławy,4418
UEFA,Stadion MOSiR w Kostrzynie,Kostrzyn nad Odrą,2800
UEFA,Stadion MOSiR w Myszkowie,Myszków,780
UEFA,Stadion MOSiR w Pucku,Puck,636
UEFA,Stadion Naprzodu Rydułtowy,Rydultowy,5500
UEFA,Stadion Narwi,Ostrołęka,2758
UEFA,Stadion Nowe Miasto,Wałbrzych,15000
UEFA,Stadion Obry,Koscian,4000
UEFA,Stadion OCKF,Olawa,3000
UEFA,Stadion Odry Opole,Opole,4560
UEFA,Stadion Odry Wodzisław,Wodzisław Śląski,5835
UEFA,Stadion Okęcia,Warsaw,1000
UEFA,Stadion Olimpii,Elbląg,3000
UEFA,Stadion Olimpii Grudziądz,Grudziądz,5500
UEFA,Stadion Olimpii Poznań,Poznan,6250
UEFA,Stadion Olimpii Poznań,Poznan,3000
UEFA,Stadion Olimpii Zambrów,Zambrow,999
UEFA,Stadion Olimpijski,Wroclaw,11000
UEFA,Stadion Olimpijski w Słubicach,Slubice,3056
UEFA,Stadion Orkana Rumia,Rumia,1280
UEFA,Stadion Orkana Sochaczew,Sochaczew,3000
UEFA,Stadion Orła Białego,Legnica,6194
UEFA,Stadion Orła Międzyrzecz,Międzyrzecz,1500
UEFA,Stadion Orła Ząbkowice,Ząbkowice Śląskie,1266
UEFA,Stadion OSiR Czarnków,Czarnków,1360
UEFA,Stadion OSiR Gorzów,Gorzów Wielkopolski,4000
UEFA,Stadion OSiR Siedlce,Siedlce,1500
UEFA,Stadion OSiR Skałka,Swietochlowice,244
UEFA,Stadion OSiR w Olsztynie,Olsztyn,16800
UEFA,Stadion OSiR w Raciborzu,Racibórz,10000
UEFA,Stadion OSiR w Trzciance,Trzcianka,2000
UEFA,Stadion Patrii Buk,Buk,900
UEFA,Stadion Pcimianki Pcim,Pcim,384
UEFA,Stadion Pelikana,Łowicz,4000
UEFA,Stadion Piasta Gliwice,Gliwice,10037
UEFA,Stadion Piasta Żmigród,Żmigród,900
UEFA,Stadion Podlesianki,Katowice,500
UEFA,Stadion Pogoni Lwówek,Lwówek,1000
UEFA,Stadion Pogoni Miechów,Miechów,1000
UEFA,Stadion Pogoni Świebodzin,Świebodzin,3500
UEFA,Stadion Polaru Wrocław,Wroclaw,1800
UEFA,Stadion Polonii Bydgoszcz,Bydgoszcz,20000
UEFA,Stadion Polonii Lidzbark,Lidzbark Warmiński,1600
UEFA,Stadion Polonii Warszawa,Warsaw,7152
UEFA,Stadion Posnanii,Poznan,1458
UEFA,Stadion Promienia Opalenica,Opalenica,1015
UEFA,Stadion Przeboju,Wolbrom,1500
UEFA,Stadion Przemszy Siewierz,Siewierz,647
UEFA,Stadion Puszczy Niepołomice,Niepołomice,2118
UEFA,Stadion Radomiaka,Radom,6000
UEFA,Stadion Rakowa,Częstochowa,8000
UEFA,Stadion RCS Lubin,Lubin,1100
UEFA,Stadion Resovii,Rzeszów,3420
UEFA,Stadion ROSRRiT Siedlce,Siedlce,2901
UEFA,Stadion ROW-u,Rybnik,10304
UEFA,Stadion Roztocza Szczebrzeszyn,Szczebrzeszyn,660
UEFA,Stadion Rozwoju Katowice,Katowice,2472
UEFA,Stadion Ruchu,Chorzów,10000
UEFA,Stadion Sandecji,Nowy Sącz,3527
UEFA,Stadion Sebastiana Karpiniuka,Kołobrzeg,3014
UEFA,Stadion Siarki Tarnobrzeg,Tarnobrzeg,3770
UEFA,Stadion Skry Warszawa,Warsaw,35000
UEFA,Stadion Śląska (Oporowska),Wroclaw,8346
UEFA,Stadion Śląska Wrocław,Wroclaw,42771
UEFA,Stadion Śląski,Chorzów,54378
UEFA,Stadion Sokoła Ostróda,Ostroda,4998
UEFA,Stadion Sokoła Pniewy,Pniewy,960
UEFA,Stadion Sparty Szamotuły,Szamotuły,2877
UEFA,Stadion Sparty Zabrze,Zabrze,13000
UEFA,Stadion Stali Gorzów,Gorzów Wielkopolski,15024
UEFA,Stadion Stali Kraśnik,Kasnik,1960
UEFA,Stadion Stali Mielec,Mielec,6864
UEFA,Stadion Stali Poniatowa,Poniatowa,1200
UEFA,Stadion Stali Rzeszów,Rzeszów,11547
UEFA,Stadion Stali Stalowa Wola,Stalowa Wola,2937
UEFA,Stadion Stanisława Figasa,Koszalin,1500
UEFA,Stadion Startu Gniezno,Gniezno,10000
UEFA,Stadion Startu Krasnystaw,Krasnystaw,1972
UEFA,Stadion Stoczniowy,Szczecin,300
UEFA,Stadion Świtu Działoszyce,Działoszyce,500
UEFA,Stadion Świtu Nowy Dwór,Nowy Dwór Mazowiecki,3400
UEFA,Stadion Szombierek,Bytom,1000
UEFA,Stadion Tłoków,Gorzyce,3000
UEFA,Stadion Tomasovii,Tomaszów Lubelski,2050
UEFA,Stadion Tysiąclecia,Wałbrzych,3500
UEFA,Stadion Unii Janikowo,Janikowo,3828
UEFA,Stadion Unii Racibórz,Racibórz,2500
UEFA,Stadion Unii Swarzędz,Swarzędz,1500
UEFA,Stadion Unii Tarnów,Tarnów,13000
UEFA,Stadion Unii Tczew,Tczew,1292
UEFA,Stadion Uranii,Ruda slaska,2000
UEFA,Stadion Ursusa Warszawa,Warsaw,1120
UEFA,Stadion Victorii Jaworzno,Jaworzno,7000
UEFA,Stadion Victorii Skalbmierz,Skalbmierz,400
UEFA,Stadion w Czosnowie,Czosnów,732
UEFA,Stadion w Plewiskach,Plewiska,600
UEFA,Stadion w Rewalu,Rewal,1100
UEFA,Stadion Warmii Grajewo,Grajewo,1740
UEFA,Stadion Warty Poznań,Poznan,4694
UEFA,Stadion Warty Sieradz,Sieradz,2000
UEFA,Stadion Warty Śrem,Śrem,3000
UEFA,Stadion Warty Zawiercie,Zawiercie,1500
UEFA,Stadion Wawelu,Krakow,5500
UEFA,Stadion Widzewa,Łódź,18018
UEFA,Stadion Wiesława Maniaka,Szczecin,1638
UEFA,Stadion Wigier Suwałki,Suwalki,3060
UEFA,Stadion Wisły Annopol,Annopol,736
UEFA,Stadion Wisły Sandomierz,Sandomierz,2221
UEFA,Stadion Włocłavii,Włocławek,937
UEFA,Stadion Wojska Polskiego,Warsaw,30967
UEFA,Stadion WSKFiT,Pruszków,1056
UEFA,Stadion Zagłębia,Lubin,16086
UEFA,Stadion Zbigniewa Podleckiego,Gdansk,10000
UEFA,Stadion Zdzisława Krzyszkowiaka,Bydgoszcz,20247
UEFA,Stadion Złotej Jedenastki,Konin,7871
UEFA,Stadion Znicza,Pruszków,1977
UEFA,Stadion Zorzy-Tempo Pacanów,Pacanow,431
UEFA,Suche Stawy,Krakow,6000
UEFA,Suzuki Arena,Kielce,15500
UEFA,Caixa Futebol Campus,Seixal,2708
UEFA,Complexo Desportivo de Barcelos,Barcelos,12504
UEFA,Estádio  do Mar,Matosinhos,9730
UEFA,Estádio  do Restelo,Lisbon,19980
UEFA,Estádio  Municipal de Chaves,Chaves,8800
UEFA,Estádio Agostino de Lima,Caldas de Vizela,1500
UEFA,Estádio Algarve,Faro/Loulé,30305
UEFA,Estádio Antonio Coimbra,Estoril,8000
UEFA,Estádio Bento Pessoa,Figueira da Foz,10000
UEFA,Estádio Campo do Pragal,Almada,3000
UEFA,Estádio Cidade de Coimbra,Coimbra,30210
UEFA,Estádio da Luz,Lisbon,66147
UEFA,Estádio da Madeira,Funchal,5132
UEFA,Estádio da Mata Real,Paços de Ferreira,6452
UEFA,Estádio de Machico,Machico,3300
UEFA,Estádio de São Luís,Faro,7000
UEFA,Estádio do Bessa XXI,Porto,28263
UEFA,Estádio do Bonfim,Setubal,18728
UEFA,Estádio do CD das Aves,Vila das Aves,5441
UEFA,Estádio do Dragão,Porto,50948
UEFA,Estádio do Maritimo,Funchal,10932
UEFA,Estádio do SC Freamunde,Freamunde,5000
UEFA,Estádio Dom Afonso Henriques,Guimarâes,30452
UEFA,Estádio dos Arcos,Vila do Conde,12820
UEFA,Estádio Dr. Francisco Vieira,Silves,3000
UEFA,Estádio Dr. Magalhaes Pessoa,Leiria,23850
UEFA,Estádio João Cardoso,Tondela,4500
UEFA,Estádio Jose Alvalade,Lisbon,50044
UEFA,Estádio Municipal 25 de Abril,Penafiel,6500
UEFA,Estádio Municipal de Albufeira,Albufeira,5000
UEFA,Estádio Municipal de Arouca,Arouca,5000
UEFA,Estádio Municipal de Aveiro,Aveiro,30970
UEFA,Estádio Municipal de Braga,Braga,30154
UEFA,Estádio Municipal de Lagos,Lagos,4600
UEFA,Estádio Municipal de Portimão,Portimão,6204
UEFA,Estádio Nacional do Jamor,Lisbon,37593
UEFA,Estádio Pina Manique,Lisbon,2574
UEFA,Estádio Varzim SC,Póvoa de Varzim,11000
AFC,Abdullah bin Khalifa Stadium,Doha,9000
AFC,Ahmed bin Ali Stadium,Al-Rayyan,21282
AFC,Al Shamal Stadium,Madinat ash Shamal,5000
AFC,Grand Hamad Stadium,Doha,13000
AFC,Jassim bin Hamad Stadium,Doha,15000
AFC,Khalifa Stadium,Doha,48000
AFC,Thani bin Jassim Stadium,Doha,21175
CAF,Athlone Stadium,Cape Town,30000
CAF,Bidvest Stadium,Johannesburg,5000
CAF,Cape Town Stadium,Cape Town,55000
CAF,Ellis Park,Johannesburg,62567
CAF,FNB Stadium,Johannesburg,94736
CAF,Loftus Versfeld,Pretoria,51762
CAF,Lucas Moripe Stadium,Atteridgeville,28900
CAF,Mbombela Stadium,Nelspruit,40929
CAF,Mmabatho Stadium,Mahikeng,59000
CAF,Moses Mabhida Stadium,Durban,56000
CAF,Nelson Mandela Bay Stadium,Port Elizabeth,48459
CAF,Newlands Stadium,Cape Town,51489
CAF,Orlando Stadium,Orlando,40000
CAF,Peter Mokaba Stadium,Polokwane,41733
CAF,Rand Stadium,Rosettenville,25000
CAF,Royal Bafokeng Stadium,Phokeng,44530
CAF,Vodacom Park,Bloemfontein,48000
UEFA,Cluj Arena,Cluj-Napoca,30335
UEFA,Stadionul Areni,Suceava,12500
UEFA,Stadionul Avântul,Reghin,3000
UEFA,Stadionul Ceahlăul,Piatra Neamţ,18000
UEFA,Stadionul Central,Ovidiu,3000
UEFA,Stadionul Concordia,Chiajna,5123
UEFA,Stadionul Cotroceni,Bucarest,14542
UEFA,Stadionul Dan Paltinisanu,Timişoara,32019
UEFA,Stadionul Dinamo,Bucarest,15300
UEFA,Stadionul Dr. Constantin Rădulescu,Cluj-Napoca,23500
UEFA,Stadionul Emil Alexandrescu,Iași,11390
UEFA,Stadionul Farul,Constanţa,15500
UEFA,Stadionul Flacăra,Moreni,10000
UEFA,Stadionul Flacăra,Năvodari,4000
UEFA,Stadionul Francisc von Neumann,Arad,12500
UEFA,Stadionul Gaz Metan,Târgu Mureş,2000
UEFA,Stadionul Ghencea,Bucarest,27063
UEFA,Stadionul Giuleşti-Valentin Stănescu,Bucarest,19100
UEFA,Stadionul Gloria,Bistriţa,8100
UEFA,Stadionul Ilie Oană,Ploieşti,15500
UEFA,Stadionul Ion Oblemenco,Craiova,30983
UEFA,Stadionul Iuliu Bodola,Oradea,11000
UEFA,Stadionul Jiul,Petroșani,15500
UEFA,Stadionul Ladislau Bölöni,Târgu Mureş,15000
UEFA,Stadionul Marin Anastasovici,Giurgiu,8500
UEFA,Stadionul Metalul,Aiud,4000
UEFA,Stadionul Michael Klein,Hunedoara,16500
UEFA,Stadionul Mircea Chivu,Reșița,6100
UEFA,Stadionul Municipal,Târgu Mureş,3500
UEFA,Stadionul Municipal Bacău,Bacău,17500
UEFA,Stadionul Municipal Botoșani,Botoșani,8500
UEFA,Stadionul Municipal Brăila,Brăila,20194
UEFA,Stadionul Municipal Buzău,Buzău,18000
UEFA,Stadionul Municipal Sibiu,Sibiu,14200
UEFA,Stadionul Naţional,Bucarest,55634
UEFA,Stadionul Regie,Bucarest,12000
UEFA,Stadionul Tineretului,Urziceni,8000
UEFA,Stadionul Tudor Vladimirescu,Târgu-Jiu,9200
UEFA,Stadionul Viitorul,Scornicești,13500
UEFA,Achmat Arena,Grozny,30597
UEFA,Anji Arena,Kaspiysk,27000
UEFA,Arena Khimki,Khimki,18636
UEFA,Arsenał Stadion,Tula,20048
UEFA,Centralnyj Stadion,Kazan,26920
UEFA,Dinamo Stadion,Vladivostok,10200
UEFA,Fisht Olympic Stadium,Sochi,47659
UEFA,Kazan Arena,Kazan,45105
UEFA,Kuban Stadion,Krasnodar,31654
UEFA,Lokomotiv Stadion,Moscow,28800
UEFA,Luzhniki,Moscow,80788
UEFA,Malaja Sportivnaja Arena Lokomotiv,Moscow,10000
UEFA,"Malaya Arena, Petrovsky",Petersburg,3018
UEFA,Metallurg Stadion,Samara,33001
UEFA,Mordovia Arena,Saransk,44149
UEFA,Olimp-2 Stadion,Rostov-on-Don,17023
UEFA,Otkritie Arena,Moscow,45360
UEFA,Petrovsky Stadion,Petersburg,21838
UEFA,Rostov Arena,Rostov-on-Don,45335
UEFA,Samara Arena,Samara,44918
UEFA,Spartak Stadion,Novosibirsk,12500
UEFA,Stadion Dynamo,Moscow,37000
UEFA,Stadion FK Krasnodar,Krasnodar,34291
UEFA,Stadion FOP Izmailovo,Moscow,13000
UEFA,Stadion Kaliningrad,Kaliningrad,35212
UEFA,Stadion Nizhny Novgorod,Nizhny Novgorod,45000
UEFA,Stadion Sankt Petersburg,Petersburg,68134
UEFA,Torpedo Stadion,Vladimir,18500
UEFA,Torpedo Stadion,Moscow,14274
UEFA,Tsentralnyi Stadion,Yekaterinburg,35696
UEFA,Tsentralnyi Stadion,Krasnoyarsk,25000
UEFA,VEB Arena,Moscow,30000
UEFA,Volgograd Arena,Volgograd,45568
UEFA,Zvezda Stadion,Perm,20000
CAF,Stade Amahoro,Kigali,30000
AFC,King Abdullah Sports City Stadium,Buraydah,25000
AFC,King Abdullah Stadium,Jeddah,60241
AFC,King Fahd International Stadium,Riyadh,68752
AFC,KSU Stadium,Riyadh,25000
AFC,Prince Abdullah Al-Faisal Stadium,Jeddah,20000
UEFA,Broadwood Stadium,Cumbernauld,8029
UEFA,BT Murrayfield,Edinburgh,67130
UEFA,Caledonian Stadium,Inverness,7512
UEFA,Cappielow,Greenock,11100
UEFA,Cathkin Park,Glasgow,500
UEFA,Celtic Park,Glasgow,60832
UEFA,Dam Park,Ayr,1478
UEFA,East End Park,Dunfermline,11780
UEFA,Easter Road Stadium,Edinburgh,20421
UEFA,Energy Check Stadium,Glasgow,10887
UEFA,Excelsior Stadium,Airdrie,10171
UEFA,Falkirk Stadium,Falkirk,6857
UEFA,Fir Park,Motherwell,13742
UEFA,Galabank,Annan,2504
UEFA,Global Energy Stadium,Dingwall,6310
UEFA,Hampden Park,Glasgow,51866
UEFA,Ibrox Stadium,Glasgow,50817
UEFA,Kilmac Stadium,Dundee,12006
UEFA,McDiarmid Park,Perth,10723
UEFA,Meadow Park,Irvine,5000
UEFA,Meadowbank,Edinburgh,16500
UEFA,New Douglas Park,Hamilton,6018
UEFA,Paisley 2021 Stadium,Paisley,8023
UEFA,Palmerston Park,Dumfries,6412
UEFA,Petershill Park,Glasgow,2000
UEFA,Pittodrie Stadium,Aberdeen,20961
UEFA,Rugby Park,Kilmarnock,18128
UEFA,Stark’s Park,Kirkcaldy,8473
UEFA,Tannadice Park,Dundee,14209
UEFA,The YOUR Radio 103FM Stadium,Dumbarton,2025
UEFA,Tony Macaroni Arena,Livingston,9521
UEFA,Tynecastle Park,Edinburgh,20099
CAF,Stade Léopold Senghor,Dakar,60000
UEFA,Gradski Stadion Guča,Guča,2000
UEFA,Gradski Stadion Kraljevo,Kraljevo,5000
UEFA,Gradski Stadion Novi Pazar,Novi Pazar,10000
UEFA,Gradski Stadion Subotica,Subotica,13000
UEFA,Gradski Stadion Surdulica,Surdulica,3312
UEFA,Gradski Stadion Užice,Užice,12000
UEFA,Omladinski Stadion,Belgrade,20000
UEFA,Stadion Čair,Niš,18151
UEFA,Stadion Čika Dača,Kragujevac,15100
UEFA,Stadion FK Jagodina,Jagodina,10000
UEFA,Stadion FK Partizan,Belgrade,32710
UEFA,Stadion FK Smederevo,Smederevo,17200
UEFA,Stadion FK Zemun,Belgrade,10000
UEFA,Stadion Hajduka na Lionu,Belgrade,2000
UEFA,Stadion Karađorđe,Novi Sad,12303
UEFA,Stadion kraj Moravice,Ivanjica,3000
UEFA,Stadion Kralj Petar Prvi,Belgrade,6000
UEFA,Stadion Metalac,Gornji Milanovac,4600
UEFA,Stadion Mladost,Lučani,8000
UEFA,Stadion Mladost Kruševac,Kruševac,10331
UEFA,Stadion Obilić,Belgrade,4508
UEFA,Stadion Rajko Mitić,Belgrade,55538
UEFA,Stadion Vašarište,Požarevac,3200
UEFA,Stadion Voždovac,Belgrade,5174
AFC,Choa Chu Kang Stadium,Singapore,4000
AFC,Jalan Besar Stadium,Singapore,6000
AFC,Singapore National Stadium,Singapore,55000
AFC,The Float @ Marina Bay,Singapore,30000
UEFA,Areál AFC Považan,Nové Mesto nad Váhom,4500
UEFA,City Arena - SAM,Trnava,19200
UEFA,Futbalový štadión Prievidza,Prievidza,6000
UEFA,Humenský štadión,Humenné,10000
UEFA,Mestský futbalový štadión,Dubnica nad Váhom,5450
UEFA,Mestský štadión Skalica,Skalica,2000
UEFA,NTC Poprad,Poprad,5700
UEFA,Štadión DAC Dunajská Streda,Dunajská Streda,6100
UEFA,Štadión FC ViOn,Zlaté Moravce,4000
UEFA,Štadión FK Púchov,Púchov,6614
UEFA,Štadión FK Senica,Senica,5070
UEFA,Štadión Lokomotívy,Košice,10787
UEFA,Štadión MFK Ružomberok,Ružomberok,5000
UEFA,Štadión na Sihoti,Trenčín,4300
UEFA,Štadión NTC,Senec,3264
UEFA,Štadión Pasienky,Bratislava,13401
UEFA,Štadión Petržalka,Bratislava,7500
UEFA,Štadión pod Dubňom,Žilina,11313
UEFA,Štadión pod Zoborom,Nitra,11384
UEFA,Štadión ŠKP Dúbravka,Bratislava,10500
UEFA,Štadión Spartaka Myjava,Myjava,2709
UEFA,Štadion Štiavničky,Banska Bystrica,9881
UEFA,Štadión Tatran,Prešov,14000
UEFA,Štadion v Čiernom Balogu,Čierny Balog,480
UEFA,Steel Slovakia Aréna,Moldava nad Bodvou,2500
UEFA,Ljudski Vrt,Maribor,12435
UEFA,Mestni Stadion Lendava,Lendava,3020
UEFA,Športni Park Domžale,Domžale,2813
UEFA,Športni Park Nova Gorica,Nova Gorica,3066
UEFA,Stadion Bežigrad,Ljubljana,8211
UEFA,Stadion Fazanerija,Murska Sobota,5400
UEFA,Stadion Matija Gubec,Krško,1617
UEFA,Stadion Primorje,Ajdovščina,3000
UEFA,Stadion Stožice,Ljubljana,16038
UEFA,Stadion Z’dežele,Celje,13059
UEFA,Stadion ŽŠD,Ljubljana,5000
AFC,Alpensia Stadium,Daegwallyeong,11000
AFC,Big Bird Stadium,Suwon,43288
AFC,Bucheon Stadium,Bucheon,35545
AFC,Busan Asiad Stadium,Busan,53864
AFC,Changwon Civic Stadium,Changwon,27085
AFC,Changwon Football Stadium,Changwon,15116
AFC,Daegu Stadium,Daegu,66422
AFC,Daejeon World Cup Stadium,Daejeon,41296
AFC,Guus Hiddink Stadium,Gwangju,44118
AFC,Gwangyang Stadium,Gwangyang,13496
AFC,Hwaseong Stadium,Hwaseong,35000
AFC,Icheon Stadium,Icheon,20305
AFC,Incheon Asiad Main Stadium,Incheon,61074
AFC,Incheon Football Stadium,Incheon,20891
AFC,Incheon Munhak Stadium,Incheon,49084
AFC,Jeju World Cup Stadium,Seogwipo,35657
AFC,Jeonju World Cup Stadium,Jeonju,43348
AFC,Jinju Stadium,Jinju,20016
AFC,Munsu Football Stadium,Ulsan,44466
AFC,Seongnam Sports Complex Stadium,Seongnam,21149
AFC,Seoul World Cup Stadium,Seoul,68476
AFC,Steelyard,Pohang,18960
AFC,Tan Cheon Stadium,Seongnam,16146
AFC,Ulsan Stadium,Ulsan,19665
UEFA,Abanca Balaídos,Vigo,31800
UEFA,Abanca-Riazor,La Coruńa,32660
UEFA,Camp d'Esports,Lleida,13031
UEFA,Camp Municipal Narcís Sala,Barcelona,6563
UEFA,Camp Nou,Barcelona,99354
UEFA,Campo de Fútbol de Vallecas,Madrid,14708
UEFA,CIAT,Santa Cruz de Tenerife,3071
UEFA,Coliseum Alfonso Pérez,Getafe,14478
UEFA,Complejo Deportivo la Fuensanta,Cuenca,6700
UEFA,Estadi Ciutat de Valencia,Valencia,26354
UEFA,Estadi Nova Creu Alta,Sabadell,20000
UEFA,Estadi Olimpic,Terrassa,11500
UEFA,Estadi Olímpic Lluís Companys,Barcelona,55926
UEFA,Estadio  Nuevo las Gaunas,Logrońo,16000
UEFA,Estadio Alfredo di Stefano,Valdebebas,7624
UEFA,Estadio Anoeta,San Sebastian,32076
UEFA,Estadio Benito Villamarín,Sevilla,60720
UEFA,Estadio Carlos Belmonte,Albacete,17524
UEFA,Estadio Carlos Tartiere,Oviedo,30500
UEFA,Estadio Cartagonova,Cartagena,15105
UEFA,Estadio Ciudad de Lepe,Lepe,3512
UEFA,Estadio Ciudad de Lucena,Lucena,5046
UEFA,Estadio de Butarque,Leganés,10958
UEFA,Estadio de la Cerámica,Villarreal,24890
UEFA,Estadio de La Romareda,Zaragoza,34600
UEFA,Estadio de Lasesarre,Barakaldo,7960
UEFA,Estadio de Mendizorrotza,Vitoria-Gasteiz,19840
UEFA,Estadio de Pasarón,Pontevedra,12000
UEFA,Estadio de Tenerife,Santa Cruz de Tenerife,22948
UEFA,Estadio El Molinón,Gijón,29538
UEFA,Estadio El Sadar,Pamplona,18375
UEFA,Estadio El Sardinero,Santander,22346
UEFA,Estadio Francisco Muñoz Pérez,Estepona,3800
UEFA,Estadio Gran Canaria,Las Palmas,31250
UEFA,Estadio Helmántico,Salamanca,17341
UEFA,Estadio Iberoamericano 2010,San Fernando,8000
UEFA,Estadio Ipurúa,Eibar,6267
UEFA,Estadio José Rico Pérez,Alicante,29584
UEFA,Estadio José Zorrilla,Valladolid,26512
UEFA,Estadio La Condomina,Murcia,13500
UEFA,Estadio La Rosaleda,Málaga,28963
UEFA,Estadio Manuel Martinez Valero,Elche,36017
UEFA,Estadio Mediterráneo,Almería,15200
UEFA,Estadio Mestalla,Valencia,55000
UEFA,Estadio Municipal de Anduva,Miranda de Ebro,6900
UEFA,Estadio Municipal de Chapín,Xerez,20522
UEFA,Estadio Nueva Balastera,Palencia,8100
UEFA,Estadio Nueva Condomina,Murcia,33045
UEFA,Estadio Nuevo  Arcángel,Cordoba,16600
UEFA,Estadio Nuevo Colombino,Huelva,20200
UEFA,Estadio Nuevo Los Cármenes,Granada,22524
UEFA,Estadio Nuevo Vivero,Badajoz,15598
UEFA,Estadio Olímpico de Sevilla,Sevilla,57619
UEFA,Estadio Ramon de Carranza,Cádiz,22087
UEFA,Estadio Romano,Mérida,14600
UEFA,Estadio Santiago Bernabéu,Madrid,85454
UEFA,Estadio Silvestre Carrillo,Santa Cruz de La Palma,6000
UEFA,Estadio Vicente Calderón,Madrid,54907
UEFA,Estadio Zubieta XXI,Zubieta,2500
UEFA,Iberostar Estadi,Palma de Mallorca,24262
UEFA,Mini Estadi,Barcelona,15276
UEFA,Miniestadio Cerro del Espino,Majadahonda,3376
UEFA,Nou Camp Municipal UE Cornellá,Barcelona,1500
UEFA,Nou Estadi,Tarragona,12000
UEFA,Nou Estadi Castalia,Castellón de la Plana,16000
UEFA,Nou Sardenya,Barcelona,8000
UEFA,Nuevo Estadio Los Pajaritos,Soria,9700
UEFA,Ramón Ramón Sánchez Pizjuán,Sevilla,42982
UEFA,RCDE Stadium,Barcelona,40500
UEFA,San Mamés Barria,Bilbao,53289
UEFA,Stadium Gal,Irun,6344
UEFA,Wanda Metropolitano,Madrid,67703
UEFA,Arosvallen,Västerås,10000
UEFA,Behrn Arena,Örebro,13000
UEFA,Borås Arena,Borås,16284
UEFA,Bravida Arena,Göteborg,6500
UEFA,Fredriksskans IP,Kalmar,8500
UEFA,Friends Arena,Solna,54329
UEFA,Gamla Ullevi,Göteborg,18416
UEFA,Gavlevallen,Gävle,6432
UEFA,Guldfågeln Arena,Kalmar,12182
UEFA,Jämtkraft Arena,Östersund,6028
UEFA,Jernvallen,Sandviken,2700
UEFA,Klostergårdens,Lund,8560
UEFA,Kopparvallen,Åtvidaberg,8000
UEFA,Landskrona IP,Landskrona,12500
UEFA,Malmö Stadion,Malmö,26930
UEFA,Myresjöhus Arena,Vaxjo,12200
UEFA,Norrporten Arena,Sundsvall,8500
UEFA,Nya Parken,Norrköping,19414
UEFA,Olympia Stadion,Helsingborgs,17200
UEFA,Örjans Vall,Halmstad,15500
UEFA,Rosvalla Stadion,Nyköping,6000
UEFA,Slottskogsvallen,Göteborg,5000
UEFA,Söderstadion,Stockholm,16185
UEFA,Södertälje Fotbollsarena,Södertälje,6500
UEFA,Sollentunavallen,Sollentuna,4500
UEFA,Stockholms Stadion,Stockholm,14417
UEFA,Swedbank Park,Västerås,7044
UEFA,Swedbank Stadion,Malmö,24000
UEFA,Tele2 Arena,Stockholm,33000
UEFA,Tunavallen,Eskilstuna,7800
UEFA,Ullevi Stadion,Göteborg,43200
UEFA,Varendsvallen,Vaxjo,13062
UEFA,AFG Arena,Sankt Gallen,19694
UEFA,La Maladière,Neuchâtel,12000
UEFA,Letzigrund,Zurich,25000
UEFA,St. Jakob-Park,Basel,38512
UEFA,Stade de Genéve,Geneve,30084
UEFA,Stade de Suisse,Bern,31783
UEFA,Stade Olympique de la Pontaise,Lousanne,15850
UEFA,Stadio Comunale di Bellinzona,Bellinzona,6000
UEFA,Stadion Brügglifeld,Aarau,9249
UEFA,Stadion Gurzelen,Biel/Bienne,5500
UEFA,Stadion Schützenwiese,Winterthur,8550
UEFA,Stockhorn Arena,Thun,9500
UEFA,swissporarena,Lucerne,17500
UEFA,Tissot Arena,Biel/Bienne,5200
UEFA,Tourbillon,Sion,20187
AFC,Abbasiyyin Stadium,Damascus,30000
AFC,Al-Hamadaniah Stadium,Aleppo,18000
AFC,Aleppo International Stadium,Aleppo,75000
AFC,Idlib Stadium,Idlib,7500
AFC,Chungshan Stadium,Taipei,20000
AFC,Kaohsiung Stadium,Kaohsiung,40000
AFC,Taipei Municipal Stadium,Taipei,22000
AFC,Taoyuan Stadium,Taoyuan,30000
CAF,Benjamin Mkapa Stadium,Dar Es Salaam,60000
AFC,Chulalongkorn Stadium,Bangkok,20000
AFC,i-mobile Stadium,Buriram,23489
AFC,PAT Stadium,Bangkok,12308
AFC,Rajamangala Stadium,Bangkok,49749
AFC,Thai-Japanese Stadium,Bangkok,6600
AFC,TOT Stadium,Bangkok,5439
CONCACAF,Ato Boldon Stadium,Couva,10000
CONCACAF,Hasely Crawford Stadium,Port of Spain,23000
CONCACAF,Mannie Ramjohn Stadium,Marabella,10000
CONCACAF,Marvin Lee Stadium,Macoya,6000
CAF,Stade 7 Novembre,Radès,65000
CAF,Stade du 15 Octobre,Bizerte,20000
CAF,Stade El Menzah,Tunis,45000
CAF,Stade Moustapha Ben Jannet,Monastir,20000
CAF,Stade Olympique,Sousse,28000
UEFA,19 Eylül Stadyumu,Ordu,11024
UEFA,19 Mayıs Stadyumu,Ankara,20070
UEFA,19 Mayıs Stadyumu,Samsun,33919
UEFA,19 Mayıs Stadyumu,Manisa,16597
UEFA,Adana 5 Ocak Stadyumu,Adana,16123
UEFA,Akdeniz Üniversitesi Stadyumu,Antalya,7083
UEFA,Antalya Arena,Antalya,32539
UEFA,Atatürk Olimpiyat Stadyumu,Istanbul,76092
UEFA,Atatürk Stadyumu,Bursa,25661
UEFA,Atatürk Stadyumu,Konya,22559
UEFA,Beykoz Stadyumu,Istanbul,3500
UEFA,Bornova Stadyumu,Izmir,6049
UEFA,Çaykur Didi Stadyumu,Rize,15558
UEFA,Çetin Emeç Stadyumu,Istanbul,3300
UEFA,Fatih Terim Stadyumu,Istanbul,17319
UEFA,Gaziantep Stadyumu,Gaziantep,35574
UEFA,Gümüşhane Stadyumu,Gümüşhane,4000
UEFA,Hasan Polat Stadyumu,Istanbul,5000
UEFA,Hüseyin Avni Aker Stadyumu,Trabzon,24169
UEFA,İzmir Atatürk Stadyumu,Izmir,51295
UEFA,Kadir Has Stadyumu,Kayseri,32864
UEFA,Kamil Ocak Stadyumu,Gaziantep,16981
UEFA,Kartal Stadyumu,Istanbul,7195
UEFA,MedicalPark Stadyumu,Trabzon,41461
UEFA,Mersin Arena,Mersin,25534
UEFA,Mimar Yahya Baş Stadyumu,Istanbul,7589
UEFA,Necmi Kadıoğlu Stadyumu,Istanbul,7500
UEFA,Osmanlı Stadyumu,Sincan,18029
UEFA,Özer Türk Stadyumu,Kusadasi,8000
UEFA,Recep Tayyip Erdoğan Stadyumu,Istanbul,14234
UEFA,Sivas Arena,Sivas,27532
UEFA,Timsah Arena,Bursa,43877
UEFA,Torku Arena,Konya,41981
UEFA,Türk Telekom Stadium,Istanbul,52695
UEFA,Ülker Stadyumu,Istanbul,50509
UEFA,Vodafone Park,Istanbul,41903
UEFA,Yeni Eskişehir Stadyumu,Eskişehir,34930
UEFA,Yeni Malatya Stadyumu,Malatya,27044
UEFA,Yeni Sakarya Stadyumu,Sakarya,28154
UEFA,Yusuf Ziya Öniş Stadyumu,Istanbul,5000
UEFA,Zeytinburnu Stadyumu,Istanbul,16000
AFC,Aşgabat Olimpiýa Stadiony,Ashgabat,45000
AFC,Aşgabat Stadiony,Ashgabat,20000
CAF,Mandela National Stadium,Kampala,45202
UEFA,Arena Lviv,Lviv,34512
UEFA,Dnipro Arena,Dnipropetrovsk,31003
UEFA,Donbass Arena,Donieck,51504
UEFA,Lafort Arena,Dobromyl,3220
UEFA,NSK Olimpiyskiy,Kiev,70050
UEFA,Obolon Arena,Kiev,5103
UEFA,RSK Olimpiyskyi,Donieck,25678
UEFA,Sławutycz Arena,Zaporizhia,11883
UEFA,Sportiwnyj Kompleks Podilya,Khmelnytskyi,10000
UEFA,Stadion Awangard,Luhansk,22320
UEFA,Stadion Awangard,Uzhhorod,12000
UEFA,Stadion Bukovyna,Chernivtsi,12000
UEFA,Stadion Centralnyj,Ternopil,12750
UEFA,Stadion Chernomorets,Odesa,34164
UEFA,Stadion Illichivets,Mariupil,12680
UEFA,Stadion im W. Łobanowskiego,Kiev,16873
UEFA,Stadion Jubilejnyj,Sumy,26000
UEFA,Stadion Lokomotyv,Simferopol,19978
UEFA,Stadion Metalist,Kharkiv,38613
UEFA,Stadion Metalurga,Krivyi Rih,29783
UEFA,Stadion Meteor,Dnipropetrovsk,24381
UEFA,Stadion NTK,Kiev,1678
UEFA,Stadion Ruch,Ivano-Frankivsk,15000
UEFA,Stadion Stali,Altchevs'k,12000
UEFA,Stadion Szachtara,Donieck,31718
UEFA,Stadion Ukraina,Lviv,28051
UEFA,Stadion Vorskla,Poltava,24795
AFC,Al-Maktoum Stadium,Dubai,12000
AFC,Al-Nahyan Stadium,Abu Dhabi,12000
AFC,Al-Rashid Stadium,Dubai,18000
AFC,Al-Shabab Stadium,Dubai,18000
AFC,Baniyas Stadium,Abu Dhabi,10000
AFC,Emirates Club Stadium,Ras Al-Khaimah,4830
AFC,HBZ Stadium,Al-Ain,25000
AFC,Khalid Bin Mohammed Stadium,Sharjah,12000
AFC,Mohammed Bin Zayed Stadium,Abu Dhabi,42056
AFC,Police Officers’ Club Stadium,Dubai,7500
AFC,Sheikh Khalifa Bin Zayed Stadium,Al-Ain,16000
AFC,Sheikh Zayed Stadium,Abu Dhabi,49500
AFC,Tahnoun Bin Mohamed Stadium,Al-Ain,10000
AFC,Zabeel Stadium,Dubai,18000
CONCACAF,Al Lang Stadium,Saint Petersburg,7500
CONCACAF,Alamodome,San Antonio,65000
CONCACAF,Aloha Stadium,Honolulu,50000
CONCACAF,Arrowhead Stadium,Kansas City,76416
CONCACAF,AT&T Stadium,Arlington,80000
CONCACAF,Audi Field,Washington,20000
CONCACAF,Autzen Stadium,Eugene,54000
CONCACAF,Avaya Stadium,San José,18000
CONCACAF,Banc of California Stadium,Los Angeles,22000
CONCACAF,Bank of America Stadium,Charlotte,75412
CONCACAF,BB&T Field,Winston-Salem,31500
CONCACAF,BBVA Compass Stadium,Houston,22039
CONCACAF,Beaver Stadium,University Park,106572
CONCACAF,Ben Hill Griffin Stadium,Gainsville,88548
CONCACAF,Bill Snyder Family Stadium,Manhattan,53000
CONCACAF,Boone Pickens Stadium,Stillwater,53000
CONCACAF,Bristol Motor Speedway,Bristol,153000
CONCACAF,Bryant-Denny Stadium,Tuscaloosa,101821
CONCACAF,Buck Shaw Stadium,Santa Clara,10525
CONCACAF,Byrd Stadium,College Park,51802
CONCACAF,California Memorial Stadium,Berkeley,63186
CONCACAF,Camp Randall Stadium,Madison,80321
CONCACAF,Camping World Stadium,Orlando,61348
CONCACAF,Candlestick Park,San Francisco,69732
CONCACAF,Canvas Stadium,Fort Collins,41200
CONCACAF,Carrier Dome,Syracuse,49262
CONCACAF,CenturyLink Field,Seattle,67000
CONCACAF,Children’s Mercy Park,Kansas City,18467
CONCACAF,Clemson Memorial Stadium,Clemson,81500
CONCACAF,Cotton Bowl,Dallas,74222
CONCACAF,Doak Campbell Stadium,Tallahassee,82300
CONCACAF,DSG Park,Denver,18086
CONCACAF,Edward Jones Dome,St. Louis,66000
CONCACAF,FAU Stadium,Boca Raton,29419
CONCACAF,Faurot Field,Columbia,71168
CONCACAF,FedEx Field,Landover,82000
CONCACAF,FirstEnergy Stadium,Cleveland,72300
CONCACAF,Ford Field,Detroit,65000
CONCACAF,Foreman Field,Norfolk,20118
CONCACAF,Georgia Dome,Atlanta,74228
CONCACAF,Gillette Stadium,Foxboro,68756
CONCACAF,Hard Rock Stadium,Miami,65326
CONCACAF,Harvard Stadium,Boston,30323
CONCACAF,Hayward Field,Eugene,10500
CONCACAF,Heinz Field,Pittsburgh,65050
CONCACAF,High Point Solutions Stadium,Piscataway,52454
CONCACAF,Husky Stadium,Seattle,70138
CONCACAF,Joan C. Edwards Stadium,Huntington,38227
CONCACAF,Jordan-Hare Stadium,Auburn,87451
CONCACAF,Kenan Stadium,Chapel Hill,63000
CONCACAF,Kidd Brewer Stadium,Boone,24050
CONCACAF,Kinnick Stadium,Iowa City,70585
CONCACAF,KU Memorial Stadium,Lawrence,50071
CONCACAF,Kyle Field,College Station,102733
CONCACAF,LA Memorial Coliseum,Los Angeles,93607
CONCACAF,Lambeau Field,Green Bay,80750
CONCACAF,Lane Stadium,Blacksburg,65632
CONCACAF,LaVell Edwards Stadium,Provo,63470
CONCACAF,Legion Field,Birmingham,71594
CONCACAF,Levi's Stadium,Santa Clara,68983
CONCACAF,Liberty Bowl,Memphis,59308
CONCACAF,Lincoln Financial Field,Philadelphia,69176
CONCACAF,Lockhart Stadium,Fort Lauderdale,20450
CONCACAF,Lucas Oil Stadium,Indianapolis,63000
CONCACAF,M&T Bank Stadium,Baltimore,70107
CONCACAF,MAPFRE Stadium,Columbus,19968
CONCACAF,McLane Stadium,Waco,45140
CONCACAF,Memorial Stadium,Lincoln,86047
CONCACAF,Memorial Stadium,Bloomington,52929
CONCACAF,Mercedes-Benz Stadium,Atlanta,71000
CONCACAF,Mercedes-Benz Superdome,New Orleans,73208
CONCACAF,MetLife Stadium,East Rutherford,82566
CONCACAF,Michie Stadium,West Point,38000
CONCACAF,Michigan Stadium,Ann Arbor,107601
CONCACAF,Neyland Stadium,Knoxville,102455
CONCACAF,Nippert Stadium,Cincinnati,38800
CONCACAF,Nissan Stadium,Nashville,69143
CONCACAF,Notre Dame Stadium,South Bend,80795
CONCACAF,NRG Stadium,Houston,71795
CONCACAF,NSC Stadium,Blaine,8500
CONCACAF,O.co Coliseum,Oakland,56057
CONCACAF,Ohio Stadium,Columbus,104944
CONCACAF,Oklahoma Memorial Stadium,Norman,82112
CONCACAF,Orlando City Stadium,Orlando,25500
CONCACAF,Paul Brown Stadium,Cincinnati,65515
CONCACAF,Pier 40,New York,500
CONCACAF,Princeton Stadium,Princeton,27773
CONCACAF,Providence Park,Portland,21144
CONCACAF,Qualcomm Stadium,San Diego,70561
CONCACAF,Ralph Wilson Stadium,Buffalo,75339
CONCACAF,Raymond James Stadium,Tampa Bay,65857
CONCACAF,Razorback Stadium,Fayetteville,72000
CONCACAF,Red Bull Arena,Harrison,25189
CONCACAF,Reser Stadium,Corvallis,45674
CONCACAF,RFK Stadium,Washington,56692
CONCACAF,Rice-Eccles Stadium,Salt Lake City,45017
CONCACAF,Rio Tinto Stadium,Sandy,20008
CONCACAF,Rose Bowl,Pasadena,92542
CONCACAF,Ross-Ade Stadium,West Lafayette,57236
CONCACAF,Royal Memorial Stadium,Austin,100119
CONCACAF,Ryan Field,Evanston,47130
CONCACAF,Sanford Stadium,Athens,92746
CONCACAF,Soldier Field,Chicago,63500
CONCACAF,Spartan Stadium,East Lansing,75005
CONCACAF,Sports Authority Field,Denver,76125
CONCACAF,Stadium Bowl,Tacoma,15000
CONCACAF,StubHub Center,Carson,27000
CONCACAF,Sun Devil Stadium,Tempe,73379
CONCACAF,Talen Energy Stadium,Chester,18500
CONCACAF,TCF Bank Stadium,Minneapolis,50805
CONCACAF,TDECU Stadium,Houston,40000
CONCACAF,TIAA Bank Field,Jacksonville,67246
CONCACAF,Tiger Stadium,Baton Rouge,102321
CONCACAF,Toyota Field,San Antonio,8296
CONCACAF,Toyota Park,Bridgeview,20000
CONCACAF,Toyota Stadium,Frisco,21193
CONCACAF,Tropicana Field,Saint Petersburg,42735
CONCACAF,U.S. Bank Stadium,Minneapolis,66665
CONCACAF,UNI-Dome,Cedar Falls,16324
CONCACAF,University of Phoenix Stadium,Glendale,63400
CONCACAF,University of Richmond Stadium,Richmond,22000
CONCACAF,WakeMed Soccer Park,Cary,10000
CONCACAF,Waldo Stadium,Kalamazoo,30200
CONCACAF,Williams-Brice Stadium,Columbia,80250
CONCACAF,Yale Bowl,New Haven,61446
CONCACAF,Yankee Stadium,New York,49642
CONMEBOL,El Parque Central,Montevideo,26500
CONMEBOL,Estadio Campeón del Siglo,Bañados de Carrasco,40005
CONMEBOL,Estadio Centenario,Montevideo,65235
CONMEBOL,Estadio Olímpico,Montevideo,6000
AFC,Buxoro Arena,Bukhara,25520
AFC,Milliy Stadioni,Tashkent,34000
AFC,Pakhtakor Markaziy Stadioni,Tashkent,35000
CONMEBOL,Cocodrilos Sports Park,Caracas,3500
CONMEBOL,Estadio Agustín Tovar,Barinas,30000
CONMEBOL,Estadio José “Pachencho” Romero,Maracaibo,42000
CONMEBOL,Estadio Metropolitano,Mérida,42200
CONMEBOL,Estadio Metropolitano de Fútbol de Lara,Barquisimeto,40312
CONMEBOL,Estadio Monumental de Maturín,Maturín,52000
CONMEBOL,Estadio Olimpico,Caracas,30000
CONMEBOL,Estadio Olímpico Luis Ramos,Puerto La Cruz,37485
CONMEBOL,Estadio Polideportivo Cachamay,Puerto Ordaz,41600
CONMEBOL,Estadio Polideportivo de Pueblo Nuevo,San Cristóbal,42500
AFC,Go Dau Stadium,Thu Dau Mot,18250
AFC,Hang Day Stadium,Hanoi,22500
AFC,My Dinh Stadium,Hanoi,40192
AFC,Thong Nhat Stadium,Ho Chi Minh City,25000
UEFA,Bangor University Stadium,Bangor,3000
UEFA,Cardiff City Stadium,Cardiff,32898
UEFA,Liberty Stadium,Swansea,21088
UEFA,Parc y Scarlets,Llanelli,14870
UEFA,Park Avenue,Aberystwyth,5000
UEFA,Principality Stadium,Cardiff,74500
UEFA,Racecourse Ground,Wrexham,15850